value_gamma,ratio_gamma,reference_distribution,shift,sample_size,feature_regime,fqe_family,estimator,target_q_mse,behavior_q_mse,behavior_target_action_q_mse,policy_value_mse,effective_sample_size_fraction,weight_q95,weight_q99,weight_max,oracle_log_ratio_rmse,oracle_estimated_weight_corr,target_ratio_feature_calibration_l2,target_fqe_feature_calibration_l2,unstable_run_fraction,unstable_reason
0.95,1.0,stationary,0.0,4000,misspecified_affine,linear,linear_estimated_clipped_fqe,0.04698702020376527,0.06335465046999997,0.054695147410526855,132.52562679997556,0.8501643580258026,1.4979998566715127,1.5662260383190805,1.5662354661703919,3.05845608155734,0.9324789467265481,0.025668337043331747,0.003988853659964891,0.0,stable
0.95,1.0,stationary,0.0,4000,misspecified_affine,linear,linear_estimated_cv_cap_fqe,0.046573014440169216,0.06288009722170387,0.054254561372202324,132.50052966356765,0.8516030233948143,1.4810879892305115,1.4954165201714287,1.5071320457599362,3.057976092722878,0.9314455867511624,0.024931759482490098,0.003828279853412944,0.0,stable
0.95,1.0,stationary,0.0,4000,misspecified_affine,linear,linear_estimated_ess_winsor_fqe,0.04680934030805577,0.06314455585810613,0.054501642135342525,132.5162965979781,0.8499166946983443,1.4975171343375555,1.5657262562608016,1.7780814253009933,3.0585268275279107,0.9320527518572574,0.025887864418152544,0.0040224639291869466,0.0,stable
0.95,1.0,stationary,0.0,4000,misspecified_affine,linear,linear_estimated_fixed_cap_fqe,0.04685512708400941,0.06319949235936297,0.054551799668807514,132.51856760903337,0.8499628733816088,1.4975538177384669,1.5657644690521828,1.706935983216825,3.0585190757736815,0.9322247699852363,0.02585318823725173,0.004018233828138052,0.0,stable
0.95,1.0,stationary,0.0,4000,misspecified_affine,linear,linear_estimated_quadratic_moment_cv_fqe,0.05369922766801742,0.07102916143182317,0.061852837868855017,132.74974908090425,0.8183829329254667,1.668858272024654,1.760990434869701,1.8632914306653658,0.18402714092659864,0.9759858376476257,0.030246135857164683,0.005267184504269794,0.0,stable
0.95,1.0,stationary,0.0,4000,misspecified_affine,linear,linear_estimated_quadratic_moment_fqe,0.05138393083981335,0.06838526845165893,0.059404598211180895,132.5164436629993,0.8502157892644304,1.5838857830515787,1.6512895803321426,1.6888460145622253,0.33216478479819345,0.9533783837839316,0.03032748456744385,0.004838813804676685,0.0,stable
0.95,1.0,stationary,0.0,4000,misspecified_affine,linear,linear_estimated_tikhonov_1se_fqe,0.010791272349777916,0.016130797457404845,0.013548083009610714,128.1748623450383,0.9917826350962023,1.1040170371523457,1.1133269189184825,1.117506141719037,0.9218431472864882,0.5369494969210143,0.11227977811373067,0.002526303230327546,0.0,stable
0.95,1.0,stationary,0.0,4000,misspecified_affine,linear,linear_estimated_tikhonov_1se_xfit_fqe,0.011093735459866014,0.01702642859324087,0.014115879131127756,128.38082465073927,0.9697651691870222,1.252901730710891,1.3374155035848743,1.4171983969681243,0.9613931093430094,0.2922581078923583,0.10797885587586073,0.0026124297706433854,0.0,stable
0.95,1.0,stationary,0.0,4000,misspecified_affine,linear,linear_estimated_tikhonov_fqe,0.011457059555468451,0.017337405143134307,0.014451110979719349,128.37457650731992,0.9900695180556034,1.1129197026921422,1.123036185855899,1.1275347357883165,0.9179321678734513,0.5380977682561885,0.10792264413729658,0.0025593784521963014,0.0,stable
0.95,1.0,stationary,0.0,4000,misspecified_affine,linear,linear_estimated_tikhonov_xfit_fqe,0.011846331304820167,0.01828739885029257,0.015091990871396326,128.57142239936027,0.9700022137962931,1.2483532297066406,1.3299580209119952,1.4009467794492445,0.9543920821050534,0.31500211319073707,0.10386696092502463,0.002643366428607774,0.0,stable
0.95,1.0,stationary,0.0,4000,misspecified_affine,linear,linear_estimated_unregularized_fqe,0.04688646130899017,0.05826871000862548,0.052366838161141,130.4259818004111,0.7444063173398634,1.8010063778129983,2.2942315906340376,6.120072187454407,4.334978101923293,0.7758297147981874,0.06477996671866018,0.007375142390543142,0.0,stable
0.95,1.0,stationary,0.0,4000,misspecified_affine,linear,linear_minimax_q_rbf,0.8084083615499487,0.8675550820883814,0.835372018227193,149.13611810202664,1.0,1.0,1.0,1.0,0.9638003789785808,nan,0.16368951549617963,0.0028214741679359018,0.0,stable
0.95,1.0,stationary,0.0,4000,misspecified_affine,linear,linear_oracle_clipped_fqe,0.05099528625314004,0.06802950642280466,0.05900843669588431,132.54505299665882,0.7957471068030337,1.7159179698605391,1.7669300266400574,1.7669331579887646,0.00042635469621056055,0.9999988816698285,0.016496301095649132,0.0027044474473347183,0.0,stable
0.95,1.0,stationary,0.0,4000,misspecified_affine,linear,linear_oracle_raw_fqe,0.051012968105874947,0.06804986471898475,0.059027324579830676,132.54610611136374,0.7957044171971391,1.7158055597324622,1.7668174055250725,1.7799961982409362,0.0,1.0,0.01649657370396323,0.0027043183507030268,0.0,stable
0.95,1.0,stationary,0.0,4000,misspecified_affine,linear,linear_standard_fqe,0.019007608728326585,0.01812176883030554,0.018967369587880617,125.84978334447442,1.0,1.0,1.0,1.0,0.9638003789785808,nan,0.16368951549617963,0.0028214741679359018,0.0,stable
0.95,1.0,stationary,0.25,4000,misspecified_affine,linear,linear_estimated_clipped_fqe,0.04365817137583503,0.06035822430044318,0.05239177077691799,132.30024643278992,0.8539133638022746,1.481524652685474,1.548392885482572,1.5484001944344865,3.1309816828114116,0.923007764633147,0.026193511449712836,0.0037539966009836625,0.0,stable
0.95,1.0,stationary,0.25,4000,misspecified_affine,linear,linear_estimated_cv_cap_fqe,0.043360358358382915,0.06001312461687263,0.05207114917205151,132.28452413345195,0.8549345861412623,1.4711840669873524,1.4899989372790525,1.5117454678716593,3.130638839703264,0.9221172970922386,0.02578032170918129,0.0036461312649672985,0.0,stable
0.95,1.0,stationary,0.25,4000,misspecified_affine,linear,linear_estimated_ess_winsor_fqe,0.04344044180986427,0.06009729092250524,0.05215132767431599,132.2984478692248,0.8536360592239574,1.4810010881757598,1.5478485380152471,1.7991725902391482,3.1310609371739715,0.9224378031681999,0.026474971295945223,0.0037834256409321797,0.0,stable
0.95,1.0,stationary,0.25,4000,misspecified_affine,linear,linear_estimated_fixed_cap_fqe,0.04349346029369438,0.06016146691836179,0.05221013523478748,132.29132639660963,0.8536955324502,1.4810483401772065,1.5478977767883,1.7113381273546227,3.1310506660149304,0.9226672501277463,0.02642391290322841,0.0037809795266985453,0.0,stable
0.95,1.0,stationary,0.25,4000,misspecified_affine,linear,linear_estimated_quadratic_moment_cv_fqe,0.053011618583658465,0.07120278526832155,0.06250240396225436,132.83876123860105,0.8080569803620158,1.6926692537201529,1.7791764513560586,1.8628459252762577,0.2003165896578468,0.9786887045514666,0.028831339151006097,0.004872291716471478,0.0,stable
0.95,1.0,stationary,0.25,4000,misspecified_affine,linear,linear_estimated_quadratic_moment_fqe,0.05074618796102803,0.06856176773835952,0.060073721891306074,132.41291499099248,0.8431046752167549,1.6033534891358021,1.673144708306295,1.7096912745128612,0.382441417028041,0.9532616764410116,0.03374369887853434,0.00536639312536687,0.0,stable
0.95,1.0,stationary,0.25,4000,misspecified_affine,linear,linear_estimated_tikhonov_1se_fqe,0.011306192595609348,0.014565070565427874,0.01339694256347702,127.2853179058228,0.9973551478265841,1.0583754896040436,1.0638115883735983,1.0662457513852832,1.035350395695817,0.44855891382244784,0.11949590703047894,0.002484722136552124,0.0,stable
0.95,1.0,stationary,0.25,4000,misspecified_affine,linear,linear_estimated_tikhonov_1se_xfit_fqe,0.010858860364550844,0.014725032856996305,0.013248508582288829,127.47798060836172,0.9735337817455548,1.2471967248108526,1.3427644473471307,1.4764160636529275,1.05120995041918,0.155791526190294,0.11519653961069022,0.0025870083954685195,0.0,stable
0.95,1.0,stationary,0.25,4000,misspecified_affine,linear,linear_estimated_tikhonov_fqe,0.011231861905483824,0.014714615727575249,0.013432183278657972,127.36471327681954,0.9969216971539163,1.0621699627498509,1.0679890523817301,1.0705819974002628,1.03418939475669,0.44898291936471907,0.11767143812302475,0.0024825291685834513,0.0,stable
0.95,1.0,stationary,0.25,4000,misspecified_affine,linear,linear_estimated_tikhonov_xfit_fqe,0.01084713832908641,0.014910304201088763,0.013333442094488413,127.54016360784266,0.9746778002010299,1.2405232246010416,1.3307773768990814,1.4530648861484357,1.0495473567600961,0.16902201954578008,0.113543956441129,0.0025784995614471155,0.0,stable
0.95,1.0,stationary,0.25,4000,misspecified_affine,linear,linear_estimated_unregularized_fqe,0.049927524837610184,0.0625193551729397,0.05668573790272151,131.05114980276193,0.7451417782380658,1.7974964363442991,2.235810534021391,6.240829531946349,4.426114559747956,0.8027738736988412,0.06043591738822692,0.0075347460476377125,0.0,stable
0.95,1.0,stationary,0.25,4000,misspecified_affine,linear,linear_minimax_q_rbf,0.8123680320263604,0.8744450649745388,0.8435846969396746,149.19428059551404,1.0,1.0,1.0,1.0,1.052901853173552,nan,0.14702326781568187,0.002782529655527353,0.0,stable
0.95,1.0,stationary,0.25,4000,misspecified_affine,linear,linear_oracle_clipped_fqe,0.050939755751855935,0.06890256277273991,0.06030200922664353,132.57983897467454,0.7829854153654164,1.7461948348844185,1.79895560518822,1.798958669509323,0.00043872181603221835,0.9999988643905889,0.017025054209032095,0.002775181128693116,0.0,stable
0.95,1.0,stationary,0.25,4000,misspecified_affine,linear,linear_oracle_raw_fqe,0.05096003833154052,0.06892605387555462,0.060323883146309855,132.5810379675791,0.7829414097177744,1.7460757342617195,1.798835971275223,1.8129971743294204,0.0,1.0,0.017025125534435716,0.0027750961217910593,0.0,stable
0.95,1.0,stationary,0.25,4000,misspecified_affine,linear,linear_standard_fqe,0.01734915256116631,0.01720217071297763,0.017751420379137663,126.07126578209066,1.0,1.0,1.0,1.0,1.052901853173552,nan,0.14702326781568187,0.002782529655527353,0.0,stable
0.95,1.0,stationary,0.5,4000,misspecified_affine,linear,linear_estimated_clipped_fqe,0.03700003525741977,0.05529716226507251,0.04722614920225463,131.8147584127532,0.8515438503600273,1.4695936742036946,1.5374670000391513,1.5374755829876,3.2775154760329213,0.9064573090074801,0.030329384840916705,0.0037434688864859743,0.0,stable
0.95,1.0,stationary,0.5,4000,misspecified_affine,linear,linear_estimated_cv_cap_fqe,0.03681191522759521,0.0550762422773018,0.047021297889305334,131.80118932171183,0.8525259401910736,1.4608133206124745,1.4771583561096346,1.4879270824696436,3.2771697311270676,0.9057103345089095,0.03000366818980301,0.0036585651264209157,0.0,stable
0.95,1.0,stationary,0.5,4000,misspecified_affine,linear,linear_estimated_ess_winsor_fqe,0.03673341652071263,0.054962902122321855,0.046923251769820526,131.824580675958,0.851206442805626,1.4689546658106678,1.5368006384070676,1.8153844951300215,3.277615802817502,0.9056735194590229,0.030752337324000522,0.0037739405218597797,0.0,stable
0.95,1.0,stationary,0.5,4000,misspecified_affine,linear,linear_estimated_fixed_cap_fqe,0.036787128554467856,0.05503060046997536,0.0469840582189848,131.8088033175008,0.851278185268255,1.4690144513781653,1.5368634520131794,1.7199561104593284,3.277603670498004,0.9059322627644205,0.030683569003225077,0.003772908290835597,0.0,stable
0.95,1.0,stationary,0.5,4000,misspecified_affine,linear,linear_estimated_quadratic_moment_cv_fqe,0.05115154389993555,0.07222146647166411,0.06288807362429816,132.64341764065844,0.7855614942049316,1.732133476911033,1.8205924817616301,1.9204003283987408,0.2692518991671525,0.9784627787213954,0.030211569658542704,0.004859611549774982,0.0,stable
0.95,1.0,stationary,0.5,4000,misspecified_affine,linear,linear_estimated_quadratic_moment_fqe,0.04614505039164411,0.06624988410578152,0.057368160009846056,132.20021555691946,0.8253581151898777,1.6319424615797251,1.7023982004723734,1.7402918858980916,0.5064632648160956,0.9522689523319664,0.03511496560591865,0.005588793368833097,0.0,stable
0.95,1.0,stationary,0.5,4000,misspecified_affine,linear,linear_estimated_tikhonov_1se_fqe,0.01926474961017919,0.01907061209034608,0.019620427764582088,125.85853117388694,0.9995835601838335,1.0269488790054546,1.0328424082964807,1.0385483365640626,1.309284553735547,0.08852305404460571,0.13481106583261224,0.002479565383518029,0.0,stable
0.95,1.0,stationary,0.5,4000,misspecified_affine,linear,linear_estimated_tikhonov_1se_xfit_fqe,0.017546679298283584,0.018060438931429668,0.018277065513215954,126.06447760199475,0.9723440108215142,1.2652008331122402,1.3937872744023587,1.6171846407354564,1.3279522962858552,0.024104322403373134,0.1304545899338155,0.002600651004706405,0.0,stable
0.95,1.0,stationary,0.5,4000,misspecified_affine,linear,linear_estimated_tikhonov_fqe,0.0192244741452841,0.019046927564913434,0.019588055518131076,125.85887636827583,0.999563976395359,1.0276350238414949,1.0336671471972187,1.039465960402253,1.3092112433165812,0.08683564734886977,0.13474763360879907,0.00249036304164179,0.0,stable
0.95,1.0,stationary,0.5,4000,misspecified_affine,linear,linear_estimated_tikhonov_xfit_fqe,0.01756436995182211,0.018072286941535023,0.0182918514974202,126.04826512152651,0.973834695551957,1.2572395654349267,1.3831379891900113,1.6003744039364876,1.3158717849189372,0.025419198466875032,0.1305253618080685,0.0025965333427018667,0.0,stable
0.95,1.0,stationary,0.5,4000,misspecified_affine,linear,linear_estimated_unregularized_fqe,0.06494275876803061,0.07613876913074288,0.07136901760201116,130.9537012168629,0.7039004395229302,1.8751426110879836,2.6034581876076,8.292856360507244,5.207530783003722,0.736985904776104,0.08407607026206504,0.008588881354836762,0.01,overlap_collapse
0.95,1.0,stationary,0.5,4000,misspecified_affine,linear,linear_minimax_q_rbf,0.8055858986563069,0.8764965285505053,0.843968188510356,149.10960544041936,1.0,1.0,1.0,1.0,1.3107617827680138,nan,0.13765734326084736,0.002765495638419163,0.0,stable
0.95,1.0,stationary,0.5,4000,misspecified_affine,linear,linear_oracle_clipped_fqe,0.05086186954274353,0.0719859334927212,0.06260191131641472,132.64837105513834,0.7532700791426511,1.8050876345632259,1.857157624074861,1.8571608668393857,0.0004343273888466031,0.9999989964312277,0.017566784345197914,0.002862852991485109,0.0,stable
0.95,1.0,stationary,0.5,4000,misspecified_affine,linear,linear_oracle_raw_fqe,0.05088330010135929,0.07201120926143745,0.06262540008938382,132.6496501017701,0.7532277999131629,1.8049617423379252,1.8570313431283063,1.8712900083315445,0.0,1.0,0.017566749085091923,0.002862692282739737,0.0,stable
0.95,1.0,stationary,0.5,4000,misspecified_affine,linear,linear_standard_fqe,0.02026628437034,0.019702918793947862,0.02041406714425541,125.73380005135759,1.0,1.0,1.0,1.0,1.3107617827680138,nan,0.13765734326084736,0.002765495638419163,0.0,stable
0.95,1.0,stationary,0.75,4000,misspecified_affine,linear,linear_estimated_clipped_fqe,0.026278441002649165,0.0470058755353805,0.03811083834956683,130.96085877315775,0.8421178979002525,1.4744005485289693,1.5580862440383756,1.5581003468110544,3.384853243884193,0.8778342177094578,0.04225626201834437,0.004038574480993616,0.0,stable
0.95,1.0,stationary,0.75,4000,misspecified_affine,linear,linear_estimated_cv_cap_fqe,0.02626429525804689,0.047015659656550246,0.03811110604694273,130.957587170926,0.8434717949049343,1.4599633037035324,1.4739018173027958,1.4811393635386931,3.3843618119553036,0.8773223626208955,0.041441779567068654,0.0038596480638712887,0.0,stable
0.95,1.0,stationary,0.75,4000,misspecified_affine,linear,linear_estimated_ess_winsor_fqe,0.02595602925011366,0.04654125825794827,0.03770874561056089,130.94565040183872,0.8415395017541156,1.473352401599777,1.5569716413446324,1.922093429808078,3.3850177491294007,0.876447058143013,0.04309570810481664,0.004100808482050583,0.0,stable
0.95,1.0,stationary,0.75,4000,misspecified_affine,linear,linear_estimated_fixed_cap_fqe,0.026043485851071704,0.04666863126498411,0.03781853142482127,130.946554431402,0.8417123489808235,1.473532011107244,1.5571689571568974,1.7683642752305324,3.384982841970358,0.8769951682618006,0.042904285197355625,0.004095850060669244,0.0,stable
0.95,1.0,stationary,0.75,4000,misspecified_affine,linear,linear_estimated_quadratic_moment_cv_fqe,0.0469097061399028,0.07341065454551528,0.06201032425378536,132.32113579813915,0.7537879042741086,1.7871627265775332,1.866655448498391,1.9290020777238874,0.4426950116141597,0.9763912316339796,0.03228701463061351,0.005140279644629476,0.0,stable
0.95,1.0,stationary,0.75,4000,misspecified_affine,linear,linear_estimated_quadratic_moment_fqe,0.042068363071180136,0.06739733832320689,0.05652299079202614,131.8348453021765,0.795065665011981,1.6859292563791837,1.7562243624773968,1.8135330789297053,0.7444126285913463,0.9486389078814318,0.035736829814021494,0.005313602218527823,0.0,stable
0.95,1.0,stationary,0.75,4000,misspecified_affine,linear,linear_estimated_tikhonov_1se_fqe,0.04708010621619118,0.039877100079338174,0.04318205816967542,123.75560724755975,0.9983493877264574,1.0766142763825943,1.1140789133384155,1.169667155909516,1.7757634562398323,-0.32172510363576345,0.15857441595650587,0.002553516558145242,0.0,stable
0.95,1.0,stationary,0.75,4000,misspecified_affine,linear,linear_estimated_tikhonov_1se_xfit_fqe,0.0431108001193793,0.036863920495937785,0.039745931704319525,123.96132131251774,0.9665974548920171,1.304599004780043,1.4824221279610368,1.8065831360521891,1.7845385737267605,-0.060173353419287166,0.15406795375101398,0.002674980837638216,0.0,stable
0.95,1.0,stationary,0.75,4000,misspecified_affine,linear,linear_estimated_tikhonov_fqe,0.04708010621619118,0.039877100079338174,0.04318205816967542,123.75560724755975,0.9983493877264574,1.0766142763825943,1.1140789133384155,1.169667155909516,1.7757634562398323,-0.32172510363576345,0.15857441595650587,0.002553516558145242,0.0,stable
0.95,1.0,stationary,0.75,4000,misspecified_affine,linear,linear_estimated_tikhonov_xfit_fqe,0.0431108001193793,0.036863920495937785,0.039745931704319525,123.96132131251774,0.9665974548920171,1.304599004780043,1.4824221279610368,1.8065831360521891,1.7845385737267605,-0.060173353419287166,0.15406795375101398,0.002674980837638216,0.0,stable
0.95,1.0,stationary,0.75,4000,misspecified_affine,linear,linear_estimated_unregularized_fqe,0.06684815989961579,0.0818838662560551,0.07533442056096047,128.35833739728204,0.6889652418478696,1.9238630855036005,2.5287956054380287,8.212083150865343,5.480309332328429,0.7730997261364769,0.08451340603867243,0.010340702750855038,0.0,stable
0.95,1.0,stationary,0.75,4000,misspecified_affine,linear,linear_minimax_q_rbf,0.7851307328899075,0.8728095096385295,0.8347176662084291,148.85280194779236,1.0,1.0,1.0,1.0,1.764121582904652,nan,0.1378190384676561,0.0027851438792730536,0.0,stable
0.95,1.0,stationary,0.75,4000,misspecified_affine,linear,linear_oracle_clipped_fqe,0.0506749465160734,0.07820009664565605,0.0663415051239422,132.65784171540562,0.7062715153011578,1.9027557081452287,1.9513435920628701,1.951346525880435,0.00036173377690257096,0.9999993976048905,0.018561249665879666,0.002960333662604851,0.0,stable
0.95,1.0,stationary,0.75,4000,misspecified_affine,linear,linear_oracle_raw_fqe,0.05069375896519115,0.078223067030808,0.0663626678633691,132.65896135623302,0.7062385910717345,1.9026393131482988,1.9512271654157158,1.9638349003182582,0.0,1.0,0.018561979947734154,0.0029602407992676055,0.0,stable
0.95,1.0,stationary,0.75,4000,misspecified_affine,linear,linear_standard_fqe,0.032304680801777924,0.02894626836075119,0.030564145255537377,124.70080143924328,1.0,1.0,1.0,1.0,1.764121582904652,nan,0.1378190384676561,0.0027851438792730536,0.0,stable
0.95,1.0,stationary,0.9,4000,misspecified_affine,linear,linear_estimated_clipped_fqe,0.018844586524084,0.040987446283856144,0.0313186505456698,130.12141509382266,0.8313334891290283,1.5037527912310518,1.6152045141093674,1.6152271985845135,3.4101136197568396,0.8526362921580294,0.05446299009459614,0.004419484049608132,0.0,stable
0.95,1.0,stationary,0.9,4000,misspecified_affine,linear,linear_estimated_cv_cap_fqe,0.01893641763513221,0.04120566064000302,0.03148261706647116,130.13760877934592,0.8336489424897493,1.4736014471634553,1.4895080100807525,1.506640408955382,3.4093285473326786,0.8518979600441702,0.052764306394443065,0.004127482183351517,0.0,stable
0.95,1.0,stationary,0.9,4000,misspecified_affine,linear,linear_estimated_ess_winsor_fqe,0.01859247111114042,0.0405127964219929,0.030939388270502723,130.06749397636497,0.8305084969747152,1.5023350053455993,1.6136766454232692,2.0473284784333328,3.4103332383611797,0.8505638446969961,0.05564013210272959,0.004510272983303157,0.0,stable
0.95,1.0,stationary,0.9,4000,misspecified_affine,linear,linear_estimated_fixed_cap_fqe,0.01866874691994595,0.04066739144464527,0.031060427185248773,130.09311284575276,0.8308146997713669,1.5026614037298238,1.6140427172095815,1.8137656592174212,3.410270681510659,0.8515419303857961,0.055292187383139305,0.0044929407312129434,0.0,stable
0.95,1.0,stationary,0.9,4000,misspecified_affine,linear,linear_estimated_quadratic_moment_cv_fqe,0.04112878632104345,0.07216268587632771,0.058729963242637725,131.70590652975082,0.7325205982895734,1.8263746096416946,1.90932373215297,2.0375913226814943,0.6459065748622702,0.9746682027348237,0.031988482864573696,0.00488177437981679,0.0,stable
0.95,1.0,stationary,0.9,4000,misspecified_affine,linear,linear_estimated_quadratic_moment_fqe,0.035737656898414495,0.06509844351123678,0.05236413774615967,131.6189053586088,0.7730560174925141,1.7245397214750642,1.8083643140329426,1.968013599148169,0.9699223590180704,0.9498899960438169,0.035889105411931556,0.005023719625884382,0.0,stable
0.95,1.0,stationary,0.9,4000,misspecified_affine,linear,linear_estimated_tikhonov_1se_fqe,0.08523077621676585,0.0698983245719589,0.0761456016550481,121.97599356689783,0.9960595729676381,1.1212403530940804,1.1812241268261805,1.2749582568753615,2.176344392383914,-0.319015367229629,0.1782591081610506,0.002689826902334786,0.0,stable
0.95,1.0,stationary,0.9,4000,misspecified_affine,linear,linear_estimated_tikhonov_1se_xfit_fqe,0.07929978020125188,0.0651248359018894,0.07087501535407413,122.18338079331323,0.962237559619149,1.331948595336711,1.5407448450647054,1.9242727934510164,2.179095156271287,-0.09405478248500017,0.17384733947548614,0.0028188601360861053,0.0,stable
0.95,1.0,stationary,0.9,4000,misspecified_affine,linear,linear_estimated_tikhonov_fqe,0.08523077621676585,0.0698983245719589,0.0761456016550481,121.97599356689783,0.9960595729676381,1.1212403530940804,1.1812241268261805,1.2749582568753615,2.176344392383914,-0.319015367229629,0.1782591081610506,0.002689826902334786,0.0,stable
0.95,1.0,stationary,0.9,4000,misspecified_affine,linear,linear_estimated_tikhonov_xfit_fqe,0.07929978020125188,0.0651248359018894,0.07087501535407413,122.18338079331323,0.962237559619149,1.331948595336711,1.5407448450647054,1.9242727934510164,2.179095156271287,-0.09405478248500017,0.17384733947548614,0.0028188601360861053,0.0,stable
0.95,1.0,stationary,0.9,4000,misspecified_affine,linear,linear_estimated_unregularized_fqe,0.040998115064183806,0.05859192060772767,0.05082003057715698,128.47065539899398,0.6767808582909177,1.9387218741403849,2.5142842484539356,7.909077765709241,5.581553618892509,0.7553413000308179,0.08501027406331793,0.010002154497112132,0.0,stable
0.95,1.0,stationary,0.9,4000,misspecified_affine,linear,linear_minimax_q_rbf,0.7640876583128463,0.867266108192583,0.8231856877926479,148.58283003267252,1.0,1.0,1.0,1.0,2.156262994931352,nan,0.14382298678506944,0.0028206930840541018,0.0,stable
0.95,1.0,stationary,0.9,4000,misspecified_affine,linear,linear_oracle_clipped_fqe,0.05099927883166419,0.08496009694745844,0.07026452424045541,132.60314729271627,0.6694528879909256,1.9910274887741408,2.0330867637235897,2.0330887864191185,0.0002929201151869234,0.9999996361846724,0.019885110229597987,0.0031882940846205427,0.0,stable
0.95,1.0,stationary,0.9,4000,misspecified_affine,linear,linear_oracle_raw_fqe,0.051014939239865935,0.08497980218573666,0.07028251610513019,132.60403240580968,0.6694278154279053,1.990924927032051,2.032984059431318,2.043571309186888,0.0,1.0,0.01988642536338278,0.0031882196066797936,0.0,stable
0.95,1.0,stationary,0.9,4000,misspecified_affine,linear,linear_standard_fqe,0.049900760331862595,0.042326488674387486,0.04527112778051722,123.60277716204831,1.0,1.0,1.0,1.0,2.156262994931352,nan,0.14382298678506944,0.0028206930840541018,0.0,stable
0.95,1.0,stationary,1.0,4000,misspecified_affine,linear,linear_estimated_clipped_fqe,0.014621896100911597,0.03735074546810883,0.027117568306952115,129.2532322943255,0.8199321185446962,1.5514094471420055,1.691119110257837,1.6911410997238108,3.4412539259099213,0.8321255608861491,0.06557677207569157,0.00479582074347892,0.0,stable
0.95,1.0,stationary,1.0,4000,misspecified_affine,linear,linear_estimated_cv_cap_fqe,0.014701324281407371,0.03769869834864737,0.027352737995321372,129.302736934038,0.8236175566733012,1.494897411129613,1.5305798715935413,1.5799008885875643,3.4401434408830562,0.8306432904256219,0.06273497724227561,0.004388192049005381,0.0,stable
0.95,1.0,stationary,1.0,4000,misspecified_affine,linear,linear_estimated_ess_winsor_fqe,0.014525896534731474,0.03697975102285117,0.02686262144702946,129.19281661646397,0.8188905090059702,1.5497915114056249,1.6893270097686588,2.1653078968049013,3.4414897159988325,0.8297275333838534,0.0668591484042855,0.004900227168222521,0.0,stable
0.95,1.0,stationary,1.0,4000,misspecified_affine,linear,linear_estimated_fixed_cap_fqe,0.014545484323933126,0.03713985748498112,0.026963636380432553,129.23960628169058,0.819445703030426,1.5503867396351914,1.6892451856040847,1.8621731444933822,3.441385245352827,0.8312748871207206,0.06627332910622426,0.004862472884010307,0.0,stable
0.95,1.0,stationary,1.0,4000,misspecified_affine,linear,linear_estimated_quadratic_moment_cv_fqe,0.036032356351486855,0.07073773685770308,0.05549869456223325,131.42952724742258,0.7177145624893387,1.8600027979194076,1.9778791813070304,2.315438669005062,0.8552466368462471,0.9707877200148312,0.03441929452025514,0.005050467962967355,0.0,stable
0.95,1.0,stationary,1.0,4000,misspecified_affine,linear,linear_estimated_quadratic_moment_fqe,0.03056756315372853,0.06309767647697105,0.0487327255790606,131.16702666537833,0.7559484683178578,1.7611862203048856,1.8875310187058023,2.2887746528662785,1.1796369882570565,0.9471247183539324,0.03832504967023586,0.0050859631743730436,0.0,stable
0.95,1.0,stationary,1.0,4000,misspecified_affine,linear,linear_estimated_tikhonov_1se_fqe,0.12613320046801213,0.1025217464495757,0.11169319209254586,120.51445348831773,0.9941356969944615,1.148648920415685,1.2224510832116915,1.3382751872235314,2.5085332624893226,-0.30917507140736317,0.1933758300056428,0.0028273875733781846,0.0,stable
0.95,1.0,stationary,1.0,4000,misspecified_affine,linear,linear_estimated_tikhonov_1se_xfit_fqe,0.11845702114195306,0.0961980463597815,0.10479767584288295,120.73662526223967,0.958512552902206,1.3529667493814816,1.5807840815868501,2.0019347688792704,2.5092676988074767,-0.10840558337181103,0.18900287966654095,0.0029511839915121033,0.0,stable
0.95,1.0,stationary,1.0,4000,misspecified_affine,linear,linear_estimated_tikhonov_fqe,0.12613320046801213,0.1025217464495757,0.11169319209254586,120.51445348831773,0.9941356969944615,1.148648920415685,1.2224510832116915,1.3382751872235314,2.5085332624893226,-0.30917507140736317,0.1933758300056428,0.0028273875733781846,0.0,stable
0.95,1.0,stationary,1.0,4000,misspecified_affine,linear,linear_estimated_tikhonov_xfit_fqe,0.11845702114195306,0.0961980463597815,0.10479767584288295,120.73662526223967,0.958512552902206,1.3529667493814816,1.5807840815868501,2.0019347688792704,2.5092676988074767,-0.10840558337181103,0.18900287966654095,0.0029511839915121033,0.0,stable
0.95,1.0,stationary,1.0,4000,misspecified_affine,linear,linear_estimated_unregularized_fqe,0.07856829756572424,0.09363510877483339,0.08663919278702098,127.69269262726422,0.6470878676882487,2.032561132743948,2.8176337342241613,9.279440491444719,5.912717160778502,0.7262964966687977,0.10402977356749404,0.010815662323585818,0.01,overlap_collapse
0.95,1.0,stationary,1.0,4000,misspecified_affine,linear,linear_minimax_q_rbf,0.7453304765011387,0.8620252194276681,0.8124065537268517,148.32827795493688,1.0,1.0,1.0,1.0,2.482770242735533,nan,0.15082396866095144,0.0028486542002067582,0.0,stable
0.95,1.0,stationary,1.0,4000,misspecified_affine,linear,linear_oracle_clipped_fqe,0.050980283983397594,0.09078914345458095,0.07338098644235685,132.5075516560062,0.6410548054543057,2.067877035599099,2.1002091221665906,2.1002109100584194,0.00021211089025966942,0.9999998211328802,0.020324932329538806,0.0033008979783380526,0.0,stable
0.95,1.0,stationary,1.0,4000,misspecified_affine,linear,linear_oracle_raw_fqe,0.05099186208480324,0.09080409051143165,0.07339452226656334,132.50821296965813,0.6410375458577687,2.067796995555177,2.1001296182527303,2.107902418947455,0.0,1.0,0.020325952963410873,0.003300780382920002,0.0,stable
0.95,1.0,stationary,1.0,4000,misspecified_affine,linear,linear_standard_fqe,0.07019726023869073,0.057789780560358446,0.06225993849464154,122.59104232171637,1.0,1.0,1.0,1.0,2.482770242735533,nan,0.15082396866095144,0.0028486542002067582,0.0,stable
0.95,1.0,stationary,1.1,4000,misspecified_affine,linear,linear_estimated_clipped_fqe,0.012440068273402266,0.03540894211132645,0.02449953803524014,128.3187760962472,0.804015712183211,1.623551334956131,1.8047697309619517,1.8047972777408188,3.5148782781953503,0.8111031025134275,0.0782297589345598,0.005569110870163474,0.0,stable
0.95,1.0,stationary,1.1,4000,misspecified_affine,linear,linear_estimated_cv_cap_fqe,0.012359896540566708,0.03564388362659568,0.024603242322372442,128.37239947093204,0.8083280530566204,1.5575902765111516,1.6503699589995982,1.7432964399113735,3.513796253916203,0.8086311437896151,0.07515795959736012,0.005147086617772472,0.0,stable
0.95,1.0,stationary,1.1,4000,misspecified_affine,linear,linear_estimated_ess_winsor_fqe,0.012548317341533966,0.03516307329070278,0.02439917160876484,128.24393562168282,0.8027228691907518,1.6216550856710095,1.802628571368374,2.3455139645652774,3.515151279851082,0.80840021757589,0.07962612751425673,0.005684515667160517,0.0,stable
0.95,1.0,stationary,1.1,4000,misspecified_affine,linear,linear_estimated_fixed_cap_fqe,0.012422561284540638,0.03532049910327253,0.02444059772903731,128.29906990690336,0.8037566114524825,1.6229661760894536,1.7957017643490922,1.9043686990618787,3.514940436807153,0.810799662783019,0.07856672567260323,0.00559375408612928,0.0,stable
0.95,1.0,stationary,1.1,4000,misspecified_affine,linear,linear_estimated_quadratic_moment_cv_fqe,0.029774618395771876,0.06852511653776001,0.051086128231613875,131.0430888215812,0.7018877655464435,1.9044135053440734,2.1261649791995065,2.925760598615089,1.139137933111451,0.9630242555574187,0.03770921483568321,0.005001633820170104,0.0,stable
0.95,1.0,stationary,1.1,4000,misspecified_affine,linear,linear_estimated_quadratic_moment_fqe,0.0271507279289666,0.06467715354494998,0.04771352698986241,131.01638573755474,0.7343655844546809,1.8192633111887127,2.0227476086079124,2.738400530771671,1.4306767938678706,0.9434733337092324,0.04041626065582404,0.005345824486017388,0.0,stable
0.95,1.0,stationary,1.1,4000,misspecified_affine,linear,linear_estimated_tikhonov_1se_fqe,0.1841710994517436,0.14896074241893884,0.16217273608384347,118.83927787791964,0.9924217854393886,1.1694364633437802,1.253005042152064,1.38671812855989,2.9055852461384317,-0.2972618861956865,0.20913681472043563,0.003003118721110317,0.0,stable
0.95,1.0,stationary,1.1,4000,misspecified_affine,linear,linear_estimated_tikhonov_1se_xfit_fqe,0.17418953422807537,0.14061522376595462,0.15314343892039126,119.08444774427144,0.9546401607644254,1.3726590637746243,1.6187907162927844,2.0718235937403566,2.9031920162201668,-0.11444760506731226,0.20475256468421615,0.003117169985527272,0.0,stable
0.95,1.0,stationary,1.1,4000,misspecified_affine,linear,linear_estimated_tikhonov_fqe,0.1841710994517436,0.14896074241893884,0.16217273608384347,118.83927787791964,0.9924217854393886,1.1694364633437802,1.253005042152064,1.38671812855989,2.9055852461384317,-0.2972618861956865,0.20913681472043563,0.003003118721110317,0.0,stable
0.95,1.0,stationary,1.1,4000,misspecified_affine,linear,linear_estimated_tikhonov_xfit_fqe,0.17418953422807537,0.14061522376595462,0.15314343892039126,119.08444774427144,0.9546401607644254,1.3726590637746243,1.6187907162927844,2.0718235937403566,2.9031920162201668,-0.11444760506731226,0.20475256468421615,0.003117169985527272,0.0,stable
0.95,1.0,stationary,1.1,4000,misspecified_affine,linear,linear_estimated_unregularized_fqe,0.06493542233643504,0.08070501454929153,0.07263107431767693,127.38621459280206,0.6283084252155291,2.090826054237337,2.89614574967867,9.862049686387282,6.011218933735599,0.7018792373375662,0.11508605136835838,0.013117529671591617,0.0,stable
0.95,1.0,stationary,1.1,4000,misspecified_affine,linear,linear_minimax_q_rbf,0.7216747736343136,0.8552566563722083,0.7984404126126415,147.996523407031,1.0,1.0,1.0,1.0,2.8750191462022814,nan,0.16063284220164792,0.002878927280221346,0.0,stable
0.95,1.0,stationary,1.1,4000,misspecified_affine,linear,linear_oracle_clipped_fqe,0.05091859836897522,0.09842736446741963,0.07731909138291054,132.41389135304541,0.6098216731101606,2.1768663891152173,2.2026761221063285,2.2026799971419972,0.0013459729041440697,0.9999927622812915,0.02049970860613559,0.003354178498841788,0.0,stable
0.95,1.0,stationary,1.1,4000,misspecified_affine,linear,linear_oracle_raw_fqe,0.05073624877556268,0.09818381761053868,0.07710078190886872,132.3991109040526,0.6097311101284267,2.17641301827169,2.202221240321087,2.3000258582795485,0.0,1.0,0.020491449242485898,0.0033558693838928403,0.0,stable
0.95,1.0,stationary,1.1,4000,misspecified_affine,linear,linear_standard_fqe,0.10225651104555702,0.08228332459286297,0.08916738338505877,121.29673078269688,1.0,1.0,1.0,1.0,2.8750191462022814,nan,0.16063284220164792,0.002878927280221346,0.0,stable
0.95,1.0,stationary,1.2,4000,misspecified_affine,linear,linear_estimated_clipped_fqe,0.013524952052152137,0.03675121529584777,0.024774985984672995,127.48742718028956,0.7825740066314334,1.718496494407483,1.9509793505662243,1.9510264015780718,3.642187641665807,0.7926751123855271,0.08997486995639051,0.0063364744814514385,0.0,stable
0.95,1.0,stationary,1.2,4000,misspecified_affine,linear,linear_estimated_cv_cap_fqe,0.013443206495912822,0.03676677202144935,0.024748742903284895,127.50028509604337,0.7849790733991979,1.6873542404680604,1.8558091056886115,1.9869026863865864,3.641671224042301,0.7910946983925363,0.08869757723106325,0.006148801302457603,0.0,stable
0.95,1.0,stationary,1.2,4000,misspecified_affine,linear,linear_estimated_ess_winsor_fqe,0.01391779529893853,0.03666490541143707,0.024877330757395025,127.38652508530367,0.7809844904765297,1.716182618190429,1.9483423333129903,2.603445044021949,3.6425295454432227,0.7898093369317991,0.09151825397242021,0.006479959594288547,0.0,stable
0.95,1.0,stationary,1.2,4000,misspecified_affine,linear,linear_estimated_fixed_cap_fqe,0.013405958041433453,0.036755294248778415,0.024728159529101137,127.4912297672073,0.7832409661485836,1.7198146126137217,1.8962122002936002,1.923163384536037,3.6420620903602274,0.7934165823098854,0.08936815844028277,0.006258138356180347,0.0,stable
0.95,1.0,stationary,1.2,4000,misspecified_affine,linear,linear_estimated_quadratic_moment_cv_fqe,0.022459260573130982,0.06524347197726815,0.04523137145732895,130.40816725634414,0.6838280766384224,1.9608346328458655,2.3467493050407664,3.930723788411325,1.5094469810228517,0.9523539246537409,0.045250573380619254,0.004975135150497165,0.0,stable
0.95,1.0,stationary,1.2,4000,misspecified_affine,linear,linear_estimated_quadratic_moment_fqe,0.0215011235774741,0.0639415472498807,0.04402864000052833,130.23303749540216,0.7100245534758644,1.8907765598676007,2.2380750860526657,3.570327502637298,1.7549139680655759,0.9354622877562722,0.0453637733384622,0.005601810246822547,0.0,stable
0.95,1.0,stationary,1.2,4000,misspecified_affine,linear,linear_estimated_tikhonov_1se_fqe,0.2613949538886493,0.2104096722265206,0.2290148653656924,117.01751298964733,0.9919297262998229,1.1746299799533813,1.2604314792545293,1.4028760125405133,3.37877200694974,-0.28013803576390484,0.22338371277074345,0.0032127254645292484,0.0,stable
0.95,1.0,stationary,1.2,4000,misspecified_affine,linear,linear_estimated_tikhonov_1se_xfit_fqe,0.24832515604961664,0.19940417752827844,0.21715336411796873,117.29293396078786,0.9517055528930228,1.3835336991143254,1.64096531640389,2.114832642848375,3.3721213810522013,-0.10775436156692215,0.21891140773207493,0.003324613559183703,0.0,stable
0.95,1.0,stationary,1.2,4000,misspecified_affine,linear,linear_estimated_tikhonov_fqe,0.2613949538886493,0.2104096722265206,0.2290148653656924,117.01751298964733,0.9919297262998229,1.1746299799533813,1.2604314792545293,1.4028760125405133,3.37877200694974,-0.28013803576390484,0.22338371277074345,0.0032127254645292484,0.0,stable
0.95,1.0,stationary,1.2,4000,misspecified_affine,linear,linear_estimated_tikhonov_xfit_fqe,0.24832515604961664,0.19940417752827844,0.21715336411796873,117.29293396078786,0.9517055528930228,1.3835336991143254,1.64096531640389,2.114832642848375,3.3721213810522013,-0.10775436156692215,0.21891140773207493,0.003324613559183703,0.0,stable
0.95,1.0,stationary,1.2,4000,misspecified_affine,linear,linear_estimated_unregularized_fqe,0.11454875547157707,0.12148095885476684,0.11622560315148009,125.23533540413696,0.5878250705868574,2.2373601669658867,3.1914316142939674,11.5936078283395,6.384876873707751,0.6485729565806178,0.14438066637191613,0.01560678244669494,0.0,stable
0.95,1.0,stationary,1.2,4000,misspecified_affine,linear,linear_minimax_q_rbf,0.6917062374423775,0.846608906724804,0.7803664145971422,147.56562738239077,1.0,1.0,1.0,1.0,3.346431664851003,nan,0.17373319769900103,0.0029140630569108165,0.0,stable
0.95,1.0,stationary,1.2,4000,misspecified_affine,linear,linear_oracle_clipped_fqe,0.05172273177110757,0.1099513928822885,0.08354820692091511,132.47563619538872,0.5761564402890591,2.296280637619457,2.4430944874173126,2.443117071017711,0.006540485364633629,0.9997931938041354,0.0207139165583752,0.0034018620281701813,0.0,stable
0.95,1.0,stationary,1.2,4000,misspecified_affine,linear,linear_oracle_raw_fqe,0.050435809554109375,0.10816330160969746,0.08196645554009056,132.38934970089386,0.5755036780329309,2.2935792480650026,2.440242790923414,3.0068019687121144,0.0,1.0,0.020647243097638518,0.0034107686538222175,0.0,stable
0.95,1.0,stationary,1.2,4000,misspecified_affine,linear,linear_standard_fqe,0.1537642293626483,0.12177119966549861,0.13254357191487645,119.63544953742074,1.0,1.0,1.0,1.0,3.346431664851003,nan,0.17373319769900103,0.0029140630569108165,0.0,stable
0.95,1.0,stationary,1.25,4000,misspecified_affine,linear,linear_estimated_clipped_fqe,0.015361267982620221,0.03901081795492686,0.026176301981507586,127.11385620655406,0.7695599880351507,1.7739020772047214,2.037606461231122,2.037643829800243,3.7398056463290925,0.7848901524880003,0.09472159532391748,0.006831166203926137,0.0,stable
0.95,1.0,stationary,1.25,4000,misspecified_affine,linear,linear_estimated_cv_cap_fqe,0.015224830157817129,0.03900626858071436,0.02611947838843888,127.11442119286852,0.7716909213396157,1.7505892154492388,1.9378405212526746,2.127467707010716,3.7393186382538914,0.78375099753418,0.09343226690616051,0.006626200868528869,0.0,stable
0.95,1.0,stationary,1.25,4000,misspecified_affine,linear,linear_estimated_ess_winsor_fqe,0.015933107584799856,0.039009576680052345,0.026396174884148263,127.01043170002764,0.7677808723120871,1.7712940693922619,2.034594800969458,2.775428504481575,3.740195963414331,0.7819766735260946,0.09637325923090342,0.0069763089166521046,0.0,stable
0.95,1.0,stationary,1.25,4000,misspecified_affine,linear,linear_estimated_fixed_cap_fqe,0.015047120851662585,0.03901840916613997,0.026051789854051755,127.14100147414214,0.7713971318821677,1.7772653384635007,1.9189185618253886,1.9253328465783301,3.7395062757216446,0.7862442070266318,0.09317610361359942,0.006654160921202978,0.0,stable
0.95,1.0,stationary,1.25,4000,misspecified_affine,linear,linear_estimated_quadratic_moment_cv_fqe,0.018941609348070113,0.06389019644183377,0.04232360855272635,129.92846845231722,0.6734788467525137,1.9968494868496456,2.4830027683034905,4.606264767818054,1.7346970384000528,0.9446147755797003,0.05053440953656754,0.00511517239582452,0.0,stable
0.95,1.0,stationary,1.25,4000,misspecified_affine,linear,linear_estimated_quadratic_moment_fqe,0.01933976322544496,0.06481413248078019,0.04301166163075701,130.07349416720254,0.6971316395860268,1.9325064175069153,2.352543939376363,4.067693440237713,1.9505944333513068,0.9304515971956804,0.048732937889513404,0.005652420430765006,0.0,stable
0.95,1.0,stationary,1.25,4000,misspecified_affine,linear,linear_estimated_tikhonov_1se_fqe,0.30561256689512206,0.24512375587141574,0.26689779952670534,116.10869837548715,0.992587743552019,1.1667271298771622,1.2487874452224288,1.390152543769029,3.6471463420950863,-0.2650083438248605,0.22867390543407162,0.0033289546167648977,0.0,stable
0.95,1.0,stationary,1.25,4000,misspecified_affine,linear,linear_estimated_tikhonov_1se_xfit_fqe,0.2906247962556707,0.23250051686290774,0.25329669375545466,116.4037473595941,0.9510849465125295,1.3831479538758904,1.6409298259244218,2.11419984531736,3.6380643883810238,-0.09636720244472356,0.22411087616623773,0.0034463267318071283,0.0,stable
0.95,1.0,stationary,1.25,4000,misspecified_affine,linear,linear_estimated_tikhonov_fqe,0.30561256689512206,0.24512375587141574,0.26689779952670534,116.10869837548715,0.992587743552019,1.1667271298771622,1.2487874452224288,1.390152543769029,3.6471463420950863,-0.2650083438248605,0.22867390543407162,0.0033289546167648977,0.0,stable
0.95,1.0,stationary,1.25,4000,misspecified_affine,linear,linear_estimated_tikhonov_xfit_fqe,0.2906247962556707,0.23250051686290774,0.25329669375545466,116.4037473595941,0.9510849465125295,1.3831479538758904,1.6409298259244218,2.11419984531736,3.6380643883810238,-0.09636720244472356,0.22411087616623773,0.0034463267318071283,0.0,stable
0.95,1.0,stationary,1.25,4000,misspecified_affine,linear,linear_estimated_unregularized_fqe,0.21401026094045222,0.20696559492613376,0.20675063458534432,123.15502602278582,0.5587965002955984,2.359856645919007,3.5796591798914967,12.393968697138641,6.754756110423387,0.6100301867487467,0.17685979292586462,0.01984653957470617,0.0,stable
0.95,1.0,stationary,1.25,4000,misspecified_affine,linear,linear_minimax_q_rbf,0.6737634256876859,0.8414588349067271,0.7694094739021309,147.30277729352133,1.0,1.0,1.0,1.0,3.6163832388848287,nan,0.18170396283780627,0.002934556335424056,0.0,stable
0.95,1.0,stationary,1.25,4000,misspecified_affine,linear,linear_oracle_clipped_fqe,0.05227974984445331,0.11737037458814341,0.08750865883242696,132.54571690053984,0.5583588479022115,2.371391405795341,2.58633718730369,2.586379812160518,0.009112379804161113,0.9995476912589787,0.02085711404329333,0.0034292973085038613,0.0,stable
0.95,1.0,stationary,1.25,4000,misspecified_affine,linear,linear_oracle_raw_fqe,0.050303096456557415,0.11456188827351513,0.085042045912212,132.4279574317161,0.5572567998450443,2.3671788546165557,2.5817857305113923,3.4563936997157048,0.0,1.0,0.020752315581420867,0.0034463619368125032,0.0,stable
0.95,1.0,stationary,1.25,4000,misspecified_affine,linear,linear_standard_fqe,0.19073905655585255,0.15019246511617376,0.16376143687308342,118.62898498041547,1.0,1.0,1.0,1.0,3.6163832388848287,nan,0.18170396283780627,0.002934556335424056,0.0,stable
0.95,1.0,stationary,1.35,4000,misspecified_affine,linear,linear_estimated_clipped_fqe,0.021013374637516867,0.04713474610489878,0.031323709324204606,126.48346098752322,0.7388427227278603,1.9017372396101846,2.236250453091767,2.2362897406391227,3.9665262673593515,0.7710125889333977,0.10089262961927375,0.008002375098153576,0.0,stable
0.95,1.0,stationary,1.35,4000,misspecified_affine,linear,linear_estimated_cv_cap_fqe,0.020974399346000802,0.047223676897713326,0.031368330001966246,126.50298918184653,0.7408522818794961,1.8914921659652746,2.1014355976552066,2.4280662059107576,3.966167764813601,0.770060888111786,0.09983931654446385,0.007894746343948824,0.0,stable
0.95,1.0,stationary,1.35,4000,misspecified_affine,linear,linear_estimated_ess_winsor_fqe,0.022015622205656903,0.0472788018069244,0.03178916808135736,126.38695869260664,0.7365317579243778,1.8982985785315853,2.2321857263489577,3.1585305812005857,3.9670111733973332,0.7680673853157765,0.10282469751713683,0.008173047676857538,0.0,stable
0.95,1.0,stationary,1.35,4000,misspecified_affine,linear,linear_estimated_fixed_cap_fqe,0.01983502170705606,0.046995801850317195,0.030763452727998172,126.57511641304308,0.7455791588679638,1.8964809057891465,1.9272488451682828,1.9272488451682828,3.9656878199416066,0.7725607663195961,0.09627229419519451,0.007567112294924315,0.0,stable
0.95,1.0,stationary,1.35,4000,misspecified_affine,linear,linear_estimated_quadratic_moment_cv_fqe,0.012968909810076774,0.06154153301767929,0.03657494329815973,128.64567603215357,0.6488492337312582,2.0754364749330354,2.7966418012981866,6.464976043919607,2.2804150178454936,0.9219031838197472,0.06462089547384503,0.0052880837772605075,0.0,stable
0.95,1.0,stationary,1.35,4000,misspecified_affine,linear,linear_estimated_quadratic_moment_fqe,0.014584239557602297,0.06630247450840879,0.04002873663026619,128.75742432689154,0.6671181886073849,2.0272074008728715,2.646351019993764,5.462652399916042,2.4182428470775763,0.915454449797043,0.057874251120542085,0.005880827360658122,0.0,stable
0.95,1.0,stationary,1.35,4000,misspecified_affine,linear,linear_estimated_tikhonov_1se_fqe,0.38961424373798403,0.30852673201800923,0.3367255210788431,114.57519260498644,0.9961237766438639,1.1167262580083008,1.1759618212213245,1.3002685631490027,4.2529130537578785,-0.16795688951571727,0.23097190737034987,0.0035986324276106076,0.0,stable
0.95,1.0,stationary,1.35,4000,misspecified_affine,linear,linear_estimated_tikhonov_1se_xfit_fqe,0.37017773986953584,0.29231529527680794,0.31918466728181616,114.92135806847415,0.9522506812173055,1.367208912248352,1.6009159312269097,2.0346508952444697,4.234775778931039,-0.04171853981924056,0.22611897808627404,0.003727969847799069,0.0,stable
0.95,1.0,stationary,1.35,4000,misspecified_affine,linear,linear_estimated_tikhonov_fqe,0.3868512080532894,0.30634875251349064,0.3343095639318889,114.63448180446493,0.9940915504967681,1.1240413988799518,1.187296605421929,1.322858155685909,4.239485520867375,-0.16174609341825844,0.23056817968017448,0.003575538339611321,0.0,stable
0.95,1.0,stationary,1.35,4000,misspecified_affine,linear,linear_estimated_tikhonov_xfit_fqe,0.3676553949522346,0.290339892971746,0.3169868039930758,114.97092992415003,0.9504924935837681,1.37225539883916,1.6094196294797598,2.049926010054234,4.221629785775655,-0.03547393068822163,0.22576234382350413,0.003704681307296543,0.0,stable
0.95,1.0,stationary,1.35,4000,misspecified_affine,linear,linear_estimated_unregularized_fqe,0.21435479457801873,0.20646495867099948,0.20441617761396305,122.95610777957263,0.5454779367426993,2.387255681246138,3.6603744500918958,12.888688434948621,6.771555864682463,0.6194752166109289,0.16782815660609338,0.01631052890630182,0.0,stable
0.95,1.0,stationary,1.35,4000,misspecified_affine,linear,linear_minimax_q_rbf,0.6303200287922148,0.8292431512112038,0.7426111060145396,146.65137016312653,1.0,1.0,1.0,1.0,4.23562673023539,nan,0.20096474974030823,0.00298404762536561,0.0,stable
0.95,1.0,stationary,1.35,4000,misspecified_affine,linear,linear_oracle_clipped_fqe,0.053639743902009575,0.1367735812120957,0.09762521444752575,132.75700786997106,0.5208103541020042,2.5467069384924694,2.9184388510374157,2.918515910160667,0.01403887062398188,0.9986413215661248,0.021234488606825752,0.0035004330862716633,0.0,stable
0.95,1.0,stationary,1.35,4000,misspecified_affine,linear,linear_oracle_raw_fqe,0.05012605226971025,0.13150799905810745,0.09307747672892466,132.5695819793026,0.5184068844642753,2.5385793967513615,2.9091979788489506,4.6490105209664145,0.0,1.0,0.02100947213628839,0.003548734363862133,0.0,stable
0.95,1.0,stationary,1.35,4000,misspecified_affine,linear,linear_standard_fqe,0.30065295789666124,0.23492280233022275,0.25682216665679614,116.15258071795368,1.0,1.0,1.0,1.0,4.23562673023539,nan,0.20096474974030823,0.00298404762536561,0.0,stable
0.95,1.0,stationary,1.5,4000,misspecified_affine,linear,linear_estimated_clipped_fqe,0.03426212156601686,0.06931710911142092,0.04424873463657052,125.55529228733374,0.6831127615211252,2.1358917416834013,2.598692946505985,2.598761061868599,4.314696033161349,0.746482434790526,0.1045592019079359,0.00922687463590994,0.0,stable
0.95,1.0,stationary,1.5,4000,misspecified_affine,linear,linear_estimated_cv_cap_fqe,0.032953850038519854,0.06927019571169772,0.04370325911252377,125.59858362462418,0.6976690324115319,1.9794176767054195,2.206429086562182,2.4394060214450395,4.313456987190783,0.739937974095632,0.09876858663610806,0.008665271920759629,0.0,stable
0.95,1.0,stationary,1.5,4000,misspecified_affine,linear,linear_estimated_ess_winsor_fqe,0.03590366817139564,0.06964265479943893,0.04507619271400163,125.46190966137216,0.6801530566435164,2.1311512286345926,2.5929301844556636,3.6151396734657335,4.315076485363171,0.7443286821095749,0.10645355643587724,0.009391223360738818,0.0,stable
0.95,1.0,stationary,1.5,4000,misspecified_affine,linear,linear_estimated_fixed_cap_fqe,0.03111228947966974,0.0687337435563839,0.04262869982760173,125.7178924030706,0.7046158548406694,1.941086618668656,1.941086618668656,1.941086618668656,4.313420209289489,0.7417150998574271,0.09462506925846148,0.008389904856524417,0.0,stable
0.95,1.0,stationary,1.5,4000,misspecified_affine,linear,linear_estimated_quadratic_moment_cv_fqe,0.02299686587715787,0.06793293769144515,0.03883431751156765,125.44892345750806,0.5896263304699887,2.2222869374201517,3.4793376210023736,11.445095884943525,3.3871116357087403,0.8558599989455616,0.10418770506642533,0.006148197120240895,0.0,stable
0.95,1.0,stationary,1.5,4000,misspecified_affine,linear,linear_estimated_quadratic_moment_fqe,0.015173429369630452,0.07508960384381258,0.03984955302442362,126.49708549881144,0.6114292175782033,2.186717204390092,3.1983529534437327,8.81120233602203,3.3775038739714613,0.8780934430859691,0.08141666408687998,0.007139432237825765,0.0,stable
0.95,1.0,stationary,1.5,4000,misspecified_affine,linear,linear_estimated_tikhonov_1se_fqe,0.36122287723097846,0.27424965379048777,0.29924836762970264,115.17803799238085,0.9801513147599714,1.146054650715433,1.1853590241133074,1.2536231183649336,5.2618202363141915,0.4539402234372875,0.18989115513560073,0.0044408906821316214,0.0,stable
0.95,1.0,stationary,1.5,4000,misspecified_affine,linear,linear_estimated_tikhonov_1se_xfit_fqe,0.3426244221709488,0.259992101516098,0.2832075577399368,115.57310392192824,0.9391842774918558,1.3725658668699001,1.5237252284413034,1.7311319347709537,5.200116778988001,0.21105036913339703,0.18534585895419994,0.004545504116477517,0.0,stable
0.95,1.0,stationary,1.5,4000,misspecified_affine,linear,linear_estimated_tikhonov_fqe,0.305298615483378,0.23443519820845057,0.25281345331758875,116.39454628214868,0.9229307177185625,1.354288457289243,1.5634685035043447,2.0319769871039925,4.814577197525006,0.4893740545176641,0.1882293571300341,0.004936980344933237,0.0,stable
0.95,1.0,stationary,1.5,4000,misspecified_affine,linear,linear_estimated_tikhonov_xfit_fqe,0.2909476400694724,0.223461437463096,0.24045538665275612,116.65038421890279,0.8924784279171033,1.523299513579281,1.8173805941345618,2.4090535121945775,4.769386863707669,0.30770033179048784,0.1846474480857918,0.0049957853843148135,0.0,stable
0.95,1.0,stationary,1.5,4000,misspecified_affine,linear,linear_estimated_unregularized_fqe,0.5275554566050533,0.4689660615324249,0.48247950615615615,117.87978306443378,0.48524122415973,2.6609733019193054,4.337601414576474,14.983303481644041,7.336964721430005,0.5617641852902464,0.22136863756642478,0.021802428772145728,0.01,overlap_collapse
0.95,1.0,stationary,1.5,4000,misspecified_affine,linear,linear_minimax_q_rbf,0.5387546314939715,0.8054968413232233,0.6854554266155403,145.20238233156456,1.0,1.0,1.0,1.0,5.406009207486506,nan,0.24002704501408942,0.0030907701089464335,0.0,stable
0.95,1.0,stationary,1.5,4000,misspecified_affine,linear,linear_oracle_clipped_fqe,0.05648148113717562,0.1851812435998256,0.12175438033439734,133.12334965125874,0.4592647263924873,2.8765983521589855,3.5472041758743815,3.547322582230277,0.020743013264253513,0.996313322529032,0.022361251324098184,0.0036696345396171814,0.0,stable
0.95,1.0,stationary,1.5,4000,misspecified_affine,linear,linear_oracle_raw_fqe,0.05031668608009406,0.17494117435700193,0.11318151996343769,132.8141950602086,0.4540102449778409,2.8595031369705364,3.526223052908133,6.902456923643692,0.0,1.0,0.021499238925864975,0.003765017200413276,0.0,stable
0.95,1.0,stationary,1.5,4000,misspecified_affine,linear,linear_standard_fqe,0.6394444366127726,0.49729316549557956,0.5449516008987174,110.72476089119222,1.0,1.0,1.0,1.0,5.406009207486506,nan,0.24002704501408942,0.0030907701089464335,0.0,stable
0.95,1.0,stationary,1.6,4000,misspecified_affine,linear,linear_estimated_clipped_fqe,0.06532568522616569,0.09941538661235544,0.06708429504754249,123.7483686696348,0.6412764414916424,2.3353119100773823,2.918037650458794,2.918104137061456,4.552965750354477,0.7198486499630196,0.11448630872477156,0.009172140227095891,0.0,stable
0.95,1.0,stationary,1.6,4000,misspecified_affine,linear,linear_estimated_cv_cap_fqe,0.06335873330005647,0.09867748384254345,0.06586419369124878,123.8603747239907,0.6675059875261359,2.0623376956438104,2.3121363352259565,2.608977110911722,4.554480887905869,0.7066141018503277,0.10667562841406218,0.008477272475881509,0.0,stable
0.95,1.0,stationary,1.6,4000,misspecified_affine,linear,linear_estimated_ess_winsor_fqe,0.06687536828390145,0.09997989823798764,0.06802581275691545,123.7296070127434,0.6379608259842762,2.329549705142012,2.9108601560995027,3.803858064949876,4.553007571556741,0.71883238172353,0.11599909314623236,0.00931222426982429,0.0,stable
0.95,1.0,stationary,1.6,4000,misspecified_affine,linear,linear_estimated_fixed_cap_fqe,0.06141760636569569,0.09802015963274342,0.06468410213135999,123.87961183315103,0.6784849082960172,1.9669747466370893,1.9669747466370893,1.9669747466370893,4.554836440247538,0.7072557934239851,0.1019851827936365,0.008218398232406129,0.0,stable
0.95,1.0,stationary,1.6,4000,misspecified_affine,linear,linear_estimated_quadratic_moment_cv_fqe,0.059700899912318,0.09729337469173284,0.06362852174403287,122.79778675023046,0.52412215302967,2.349595443263974,4.044503810039134,16.387281787789338,4.240318516322717,0.8016500591067148,0.1322029763282095,0.0070486452252786535,0.0,stable
0.95,1.0,stationary,1.6,4000,misspecified_affine,linear,linear_estimated_quadratic_moment_fqe,0.029706117969985967,0.09617228497703494,0.05053746080573169,124.48698183691903,0.5581713487757755,2.3228582690989135,3.6838201021581187,11.94148922783781,4.157909291463024,0.8453830360990529,0.10031722181978267,0.008248752270827355,0.0,stable
0.95,1.0,stationary,1.6,4000,misspecified_affine,linear,linear_estimated_tikhonov_1se_fqe,0.1706715654628961,0.14534112561540086,0.13742774501584948,119.66888542560935,0.9276762165985787,1.3258229051485302,1.3565901526441138,1.37036427668913,6.011944621740087,0.4195407316802541,0.12294150315541984,0.005389073256624594,0.0,stable
0.95,1.0,stationary,1.6,4000,misspecified_affine,linear,linear_estimated_tikhonov_1se_xfit_fqe,0.17832354832245975,0.14962012627877813,0.1431034937278647,119.47046261146961,0.899455323224565,1.4473156643749632,1.5858130970609676,1.6658235845840372,5.878247737081207,0.3492591313918731,0.12295584274900191,0.005313934091244599,0.0,stable
0.95,1.0,stationary,1.6,4000,misspecified_affine,linear,linear_estimated_tikhonov_fqe,0.17278702492553155,0.14671552186825682,0.1390897644464445,119.45285124506353,0.9161837867153502,1.3661381714902452,1.4392922571993998,1.553812188839421,5.9116189066747085,0.42939626888985477,0.12669191947062816,0.005552221915981755,0.0,stable
0.95,1.0,stationary,1.6,4000,misspecified_affine,linear,linear_estimated_tikhonov_xfit_fqe,0.17957664076773255,0.15045679849845903,0.1440970258476448,119.32598433576139,0.8895732871916416,1.4802053085312994,1.6534156278869718,1.8309675850416673,5.787266994783763,0.3635243441763532,0.12659623632153075,0.0054808162417978555,0.0,stable
0.95,1.0,stationary,1.6,4000,misspecified_affine,linear,linear_estimated_unregularized_fqe,1.1019317076178308,0.9493920707670322,0.9940635688892353,111.33313670437455,0.4378173465550339,2.8415557125490425,4.899928165886456,18.301473848588323,7.892548664753841,0.5206045800064364,0.26258988163466745,0.02495731436199974,0.02,overlap_collapse
0.95,1.0,stationary,1.6,4000,misspecified_affine,linear,linear_minimax_q_rbf,0.45098132877957203,0.7864953274873351,0.6303299908201877,143.69652355130805,1.0,1.0,1.0,1.0,6.389477819742697,nan,0.2748443817870285,0.003197857317695719,0.0,stable
0.95,1.0,stationary,1.6,4000,misspecified_affine,linear,linear_oracle_clipped_fqe,0.0591406656462159,0.2432689915975252,0.1493283166654438,133.3209170907622,0.4142956974557144,3.1628466618229725,4.060257470056339,4.060468716460448,0.06796249997048373,0.9942277232668094,0.023384351947649623,0.0038312242348312263,0.0,stable
0.95,1.0,stationary,1.6,4000,misspecified_affine,linear,linear_oracle_raw_fqe,0.05092207340806573,0.22830043220703863,0.13712745456422032,132.89056005590365,0.4066602483362549,3.1363040083973055,4.026394606076,8.584543435275986,0.0,1.0,0.021778201215639538,0.003974853089563498,0.0,stable
0.95,1.0,stationary,1.6,4000,misspecified_affine,linear,linear_standard_fqe,1.1311392026265643,0.8795312106429433,0.9646717399767977,105.19736868873437,1.0,1.0,1.0,1.0,6.389477819742697,nan,0.2748443817870285,0.003197857317695719,0.0,stable
0.95,1.0,stationary,1.7,4000,misspecified_affine,linear,linear_estimated_clipped_fqe,0.18889842467190954,0.18568200777803556,0.15308784190901492,119.36108398798515,0.5959002806765236,2.5619172263185006,3.33317957789439,3.333286017220969,4.992559718395109,0.6878224261311687,0.14332633198882708,0.009386882792587823,0.0,stable
0.95,1.0,stationary,1.7,4000,misspecified_affine,linear,linear_estimated_cv_cap_fqe,0.18898062462631532,0.18565325733202442,0.1531238285123975,119.33891881516556,0.6147499718585966,2.374019331449527,2.8461589655039687,3.464441850649653,4.997536367283378,0.6780871190613738,0.13888893889916798,0.009023062219322645,0.0,stable
0.95,1.0,stationary,1.7,4000,misspecified_affine,linear,linear_estimated_ess_winsor_fqe,0.18934150080108203,0.18585420794361623,0.15337452527259304,119.29192238278462,0.6024338427369141,2.560963500855737,2.994804450774668,3.3280505361034325,4.993556578940207,0.685505313806744,0.14187649699039773,0.00928107742868179,0.0,stable
0.95,1.0,stationary,1.7,4000,misspecified_affine,linear,linear_estimated_fixed_cap_fqe,0.19063676632766596,0.18602366408105833,0.15404045419663262,119.26014280530507,0.6529905161014247,2.017114428092149,2.017114428092149,2.017114428092149,5.006202444890422,0.666025314348795,0.12847750485585288,0.008117275009115963,0.0,stable
0.95,1.0,stationary,1.7,4000,misspecified_affine,linear,linear_estimated_quadratic_moment_cv_fqe,0.13660700391368244,0.1644649863268664,0.1192813832558839,119.74729359469922,0.4402864848742262,2.5091510998831374,4.724407858990493,22.693460101654566,5.2062369395470505,0.745984946953384,0.15658929373181565,0.008628558048251694,0.0,stable
0.95,1.0,stationary,1.7,4000,misspecified_affine,linear,linear_estimated_quadratic_moment_fqe,0.0773961619592032,0.15167303180056055,0.08705443015000497,122.18678487464781,0.49148918824899945,2.481567871862914,4.24859486804564,16.093991258154798,5.100826662133965,0.8022057151212048,0.1192675896146663,0.009387809993947126,0.0,stable
0.95,1.0,stationary,1.7,4000,misspecified_affine,linear,linear_estimated_tikhonov_1se_fqe,0.05798120637342622,0.14469082682489823,0.07512885555577073,123.84170222298,0.8259970505510887,1.569143294462139,1.6233123456674543,1.647506038848538,6.13030357614289,0.42506352061949876,0.08037164944616604,0.006173555299666385,0.0,stable
0.95,1.0,stationary,1.7,4000,misspecified_affine,linear,linear_estimated_tikhonov_1se_xfit_fqe,0.06340708485152674,0.14462576981680608,0.07731824446927352,123.60401106489645,0.8145034473338028,1.62069918190499,1.7514470932315385,1.846650230902952,6.151269885049584,0.4065943274612568,0.08135856042497186,0.006112209220525285,0.0,stable
0.95,1.0,stationary,1.7,4000,misspecified_affine,linear,linear_estimated_tikhonov_fqe,0.05798120637342622,0.14469082682489823,0.07512885555577073,123.84170222298,0.8259970505510887,1.569143294462139,1.6233123456674543,1.647506038848538,6.13030357614289,0.42506352061949876,0.08037164944616604,0.006173555299666385,0.0,stable
0.95,1.0,stationary,1.7,4000,misspecified_affine,linear,linear_estimated_tikhonov_xfit_fqe,0.06340708485152674,0.14462576981680608,0.07731824446927352,123.60401106489645,0.8145034473338028,1.62069918190499,1.7514470932315385,1.846650230902952,6.151269885049584,0.4065943274612568,0.08135856042497186,0.006112209220525285,0.0,stable
0.95,1.0,stationary,1.7,4000,misspecified_affine,linear,linear_estimated_unregularized_fqe,1.56096154546837,1.3115255940830466,1.3807066253820905,109.51000362539313,0.4182273753615249,3.0170864292932915,5.028815582416748,17.841210759118933,7.926216955966111,0.5279874090594114,0.26643819639889715,0.028368851282332776,0.02,overlap_collapse
0.95,1.0,stationary,1.7,4000,misspecified_affine,linear,linear_minimax_q_rbf,0.3301243785927854,0.7693682365922551,0.5544448026701915,141.36528043506252,1.0,1.0,1.0,1.0,7.586952772096689,nan,0.31899780659813,0.0033564342066282065,0.0,stable
0.95,1.0,stationary,1.7,4000,misspecified_affine,linear,linear_oracle_clipped_fqe,0.022493081331504988,0.25339388841338595,0.1243685928740247,130.70160155720052,0.4000000001720796,3.353819290385042,4.448074500483087,4.44826348205952,6.074738423098319,0.9910445716753554,0.025248410755891224,0.0038802292058176123,0.0,stable
0.95,1.0,stationary,1.7,4000,misspecified_affine,linear,linear_oracle_raw_fqe,0.05176235190818709,0.32642843617486833,0.17938309359100213,132.8929941573195,0.35480499305919255,3.495174944568228,4.660949458076454,11.062624777538801,0.0,1.0,0.021835868109546488,0.004280765426848127,0.0,stable
0.95,1.0,stationary,1.7,4000,misspecified_affine,linear,linear_standard_fqe,2.1781838650034553,1.695829485884986,1.860944706871113,96.86855952418902,1.0,1.0,1.0,1.0,7.586952772096689,nan,0.31899780659813,0.0033564342066282065,0.0,stable
0.95,1.0,stationary,1.8,4000,misspecified_affine,linear,linear_estimated_clipped_fqe,0.640745041659561,0.489935976618736,0.4804082005005879,111.2690394246196,0.5462036216372721,2.7940054029378043,3.8758770890817886,3.876021752416788,5.770697323808977,0.6558477084634589,0.18879156169342223,0.009448883123617633,0.0,stable
0.95,1.0,stationary,1.8,4000,misspecified_affine,linear,linear_estimated_cv_cap_fqe,0.6428928899319957,0.4912566706896419,0.48209502102135354,111.26638416917885,0.546274316596103,2.7182866020112004,3.7005732057861285,5.482707109252974,5.772851922884694,0.6555727537855883,0.18910636965968755,0.009449753348589645,0.0,stable
0.95,1.0,stationary,1.8,4000,misspecified_affine,linear,linear_estimated_ess_winsor_fqe,0.653122595589373,0.49678596410141823,0.48955381397175585,111.06502861823748,0.6000000000000051,2.3921966240441543,2.3928543643021585,2.3928543643021585,5.790728820903593,0.6349898655004731,0.17550800499856237,0.00853270665091938,0.0,stable
0.95,1.0,stationary,1.8,4000,misspecified_affine,linear,linear_estimated_fixed_cap_fqe,0.6665321475896137,0.5045770338076555,0.4996866588671013,110.8999597547545,0.624166753651565,2.0830049828648054,2.0830049828648054,2.0830049828648054,5.804451285839445,0.6245077072162115,0.17023540010270088,0.008033803190962512,0.0,stable
0.95,1.0,stationary,1.8,4000,misspecified_affine,linear,linear_estimated_quadratic_moment_cv_fqe,0.29652959583620114,0.3134440681832418,0.23490469688776405,116.18661717288333,0.3434229209741792,2.7009813219955174,5.533001520899531,32.0993008811871,6.3412808957846485,0.6875215168962238,0.17662438114102452,0.010074300485697652,0.0,stable
0.95,1.0,stationary,1.8,4000,misspecified_affine,linear,linear_estimated_quadratic_moment_fqe,0.18905299643688442,0.28354337114704614,0.17256251695368455,118.62172558612852,0.40616211723715684,2.6835915219946695,5.015786627814127,23.078473501099275,6.234631880230025,0.7467533263021955,0.13807986740887634,0.010932023075801284,0.0,stable
0.95,1.0,stationary,1.8,4000,misspecified_affine,linear,linear_estimated_tikhonov_1se_fqe,0.09954519340932301,0.26526615464583253,0.1250517690377632,121.99637029364949,0.7668771739014296,1.7085097570050827,1.7747111960665771,1.8043301484137462,6.787111435006185,0.4351905539864109,0.08359549322226055,0.006269854940509175,0.0,stable
0.95,1.0,stationary,1.8,4000,misspecified_affine,linear,linear_estimated_tikhonov_1se_xfit_fqe,0.10169699579013121,0.26505649503714807,0.1258126537574513,121.93079227425824,0.7611574811332464,1.727077768299382,1.8295998781888687,1.9151291132376065,6.781289422955178,0.42812354156236687,0.08380288198006021,0.006250609531756534,0.0,stable
0.95,1.0,stationary,1.8,4000,misspecified_affine,linear,linear_estimated_tikhonov_fqe,0.09954519340932301,0.26526615464583253,0.1250517690377632,121.99637029364949,0.7668771739014296,1.7085097570050827,1.7747111960665771,1.8043301484137462,6.787111435006185,0.4351905539864109,0.08359549322226055,0.006269854940509175,0.0,stable
0.95,1.0,stationary,1.8,4000,misspecified_affine,linear,linear_estimated_tikhonov_xfit_fqe,0.10169699579013121,0.26505649503714807,0.1258126537574513,121.93079227425824,0.7611574811332464,1.727077768299382,1.8295998781888687,1.9151291132376065,6.781289422955178,0.42812354156236687,0.08380288198006021,0.006250609531756534,0.0,stable
0.95,1.0,stationary,1.8,4000,misspecified_affine,linear,linear_estimated_unregularized_fqe,2.7482548801450952,2.186338453751907,2.348417359045086,97.26359717773475,0.3948219324227686,3.2023693180533526,5.390795103289881,17.22276850943141,8.154667426783256,0.5116880559613999,0.27901928565232803,0.026564180894343994,0.01,overlap_collapse
0.95,1.0,stationary,1.8,4000,misspecified_affine,linear,linear_minimax_q_rbf,0.16523358410318406,0.7769332390723218,0.45201936433265694,137.33161269346715,1.0,1.0,1.0,1.0,9.056103703672079,nan,0.3754743162766489,0.003612816691448156,0.0,stable
0.95,1.0,stationary,1.8,4000,misspecified_affine,linear,linear_oracle_clipped_fqe,0.05200157521302209,0.2799536380161831,0.11388588875804448,123.82857786476872,0.4000000001666926,3.5126164849580643,4.770442081693117,4.770722283562402,7.954060919314625,0.9853534348521847,0.06022389029709307,0.0038907557672999142,0.0,stable
0.95,1.0,stationary,1.8,4000,misspecified_affine,linear,linear_oracle_raw_fqe,0.05241443914456111,0.5409172713633805,0.2670135121990743,132.926002545932,0.296522499258165,3.9969968594597947,5.506106605711101,15.354452209077776,0.0,1.0,0.02138422778929115,0.004719937234179147,0.0,stable
0.95,1.0,stationary,1.8,4000,misspecified_affine,linear,linear_standard_fqe,4.833590705941263,3.771367838837305,4.139678477007774,83.12603252435494,1.0,1.0,1.0,1.0,9.056103703672079,nan,0.3754743162766489,0.003612816691448156,0.0,stable
0.95,1.0,stationary,1.9,4000,misspecified_affine,linear,linear_estimated_clipped_fqe,2.795478895097273,1.9525912328999016,2.103067356562523,94.06047082990418,0.4915006847665994,3.0237119057549426,4.567717825730304,4.567942672425225,6.795986510605502,0.5974056908739778,0.24761588994156766,0.009366242161506359,0.0,stable
0.95,1.0,stationary,1.9,4000,misspecified_affine,linear,linear_estimated_cv_cap_fqe,2.75290794726978,1.923251129769838,2.068160201478948,94.43079981128044,0.5040118580975461,2.8119792141488524,3.942619832090461,6.653364913543279,6.806330290630376,0.5963240931148465,0.24295669090170782,0.009020452018523873,0.0,stable
0.95,1.0,stationary,1.9,4000,misspecified_affine,linear,linear_estimated_ess_winsor_fqe,2.816471889608536,1.9641917296129086,2.1185428015223873,93.84984500106327,0.6000000000000084,2.03344381887834,2.03344381887834,2.03344381887834,6.863528592720368,0.5621607402552995,0.22034671431696087,0.007133209354588258,0.0,stable
0.95,1.0,stationary,1.9,4000,misspecified_affine,linear,linear_estimated_fixed_cap_fqe,2.7823050896928727,1.9412454289581929,2.090957050787745,94.05697955297175,0.5899768538018004,2.130471446225717,2.130471446225717,2.130471446225717,6.852981687011578,0.5683580872431326,0.22134847515696202,0.007524164289219902,0.0,stable
0.95,1.0,stationary,1.9,4000,misspecified_affine,linear,linear_estimated_quadratic_moment_cv_fqe,0.7753333620023806,0.777508042560746,0.5764291226181452,108.89504637232578,0.22643633798543747,2.9105853098480297,6.786541305341845,51.30074647025907,7.834310624907968,0.5954146343863179,0.19805263245790614,0.012367602726636385,0.01,overlap_collapse
0.95,1.0,stationary,1.9,4000,misspecified_affine,linear,linear_estimated_quadratic_moment_fqe,0.5623784887591996,0.7178188440501581,0.4529516659683208,112.09345009602306,0.28776662366726014,2.9316559955662562,6.236301576600499,37.7899351439399,7.739571484398547,0.654556296571135,0.1621754067172773,0.013813579887635747,0.01,overlap_collapse
0.95,1.0,stationary,1.9,4000,misspecified_affine,linear,linear_estimated_tikhonov_1se_fqe,0.5738848799815028,0.7016037995385861,0.44846944950098594,112.16058257421591,0.7480383311962199,1.736039419536564,1.7984764152090742,1.82636996114202,8.474545422358466,0.43509859094319503,0.12023481113953874,0.005877292152529321,0.0,stable
0.95,1.0,stationary,1.9,4000,misspecified_affine,linear,linear_estimated_tikhonov_1se_xfit_fqe,0.5733887761635642,0.7014663513455227,0.4481653908119461,112.20332500801706,0.7448734680499749,1.7456148538503218,1.8181589748903184,1.8775944114910084,8.4451068114492,0.43214402021349024,0.11998452799391744,0.005880185185750723,0.0,stable
0.95,1.0,stationary,1.9,4000,misspecified_affine,linear,linear_estimated_tikhonov_fqe,0.5738848799815028,0.7016037995385861,0.44846944950098594,112.16058257421591,0.7480383311962199,1.736039419536564,1.7984764152090742,1.82636996114202,8.474545422358466,0.43509859094319503,0.12023481113953874,0.005877292152529321,0.0,stable
0.95,1.0,stationary,1.9,4000,misspecified_affine,linear,linear_estimated_tikhonov_xfit_fqe,0.5733887761635642,0.7014663513455227,0.4481653908119461,112.20332500801706,0.7448734680499749,1.7456148538503218,1.8181589748903184,1.8775944114910084,8.4451068114492,0.43214402021349024,0.11998452799391744,0.005880185185750723,0.0,stable
0.95,1.0,stationary,1.9,4000,misspecified_affine,linear,linear_estimated_unregularized_fqe,11.15178779128777,8.881169309017984,9.626182590014059,79.57844312984689,0.3245225251172921,3.5999459563146394,6.662611547672883,19.93439649371714,9.367914245827528,0.41602926577356236,0.37033842775844095,0.031645789116708324,0.01,overlap_collapse
0.95,1.0,stationary,1.9,4000,misspecified_affine,linear,linear_minimax_q_rbf,0.011286812913122972,0.9596017912163305,0.3649517512932373,128.78773988158162,1.0,1.0,1.0,1.0,10.931942712860488,nan,0.44904803870832105,0.004100599865571661,0.0,stable
0.95,1.0,stationary,1.9,4000,misspecified_affine,linear,linear_oracle_clipped_fqe,0.942840428371038,0.8416645924615319,0.6835118494116366,107.36742334489053,0.40000000021412857,3.768267933505888,5.166848287997989,5.167186078571928,10.070720357519704,0.9767817759964091,0.12735329054018607,0.0039670989921530755,0.0,stable
0.95,1.0,stationary,1.9,4000,misspecified_affine,linear,linear_oracle_raw_fqe,0.053872459655781274,1.1998472309657402,0.5228246674949383,133.33409835516176,0.22901022304770413,4.851510728937794,6.810057530563727,21.835429092465652,0.0,1.0,0.021044628951390434,0.0054236885181891,0.0,stable
0.95,1.0,stationary,1.9,4000,misspecified_affine,linear,linear_standard_fqe,14.191238505565686,11.102425112585701,12.188024657682739,56.95960800856136,1.0,1.0,1.0,1.0,10.931942712860488,nan,0.44904803870832105,0.004100599865571661,0.0,stable
0.95,1.0,stationary,1.95,4000,misspecified_affine,linear,linear_estimated_clipped_fqe,7.786252932420067,5.39684065719606,5.97802548805117,74.48011403239488,0.45523763025992436,3.2094642150067965,5.046435372710323,5.046690144660852,7.472559741058274,0.537767176595822,0.29147762658119986,0.008913871483819303,0.0,stable
0.95,1.0,stationary,1.95,4000,misspecified_affine,linear,linear_estimated_cv_cap_fqe,7.05339930686714,4.865434165010404,5.361958005589771,76.53720277528772,0.5413108122648044,2.3939020073111847,2.7866690240370593,3.754584587245242,7.526631121781418,0.5270853299241676,0.2622343518637809,0.007468099764509135,0.0,stable
0.95,1.0,stationary,1.95,4000,misspecified_affine,linear,linear_estimated_ess_winsor_fqe,7.285606088576088,5.029967999359653,5.554200073238453,75.6001047150578,0.6000000000000123,1.880585745762836,1.880585745762836,1.880585745762836,7.585448148715469,0.49365939505307543,0.2551420303858314,0.006080435478561896,0.0,stable
0.95,1.0,stationary,1.95,4000,misspecified_affine,linear,linear_estimated_fixed_cap_fqe,7.088250113963759,4.890488326737457,5.391039210805781,76.38944047881365,0.5693189878087129,2.150916092648207,2.150916092648207,2.150916092648207,7.542579774922256,0.5219692417423176,0.25594187548448416,0.006968804088764673,0.0,stable
0.95,1.0,stationary,1.95,4000,misspecified_affine,linear,linear_estimated_quadratic_moment_cv_fqe,1.5609288684869085,1.5492477325220448,1.1359684870318585,101.20267563023528,0.152334192413376,3.010378641974595,7.850385358001679,73.51754737264126,8.817649661495842,0.5084331175662229,0.21525569055513338,0.01551705300841842,0.43,overlap_collapse
0.95,1.0,stationary,1.95,4000,misspecified_affine,linear,linear_estimated_quadratic_moment_fqe,1.362592835207788,1.5298143622993012,1.0430997400218907,104.01560655645336,0.20488245185617088,3.0441478143472707,7.293374904888834,55.07365966878845,8.810591146197646,0.5619755583045528,0.18863922448259,0.01699801445401485,0.07,overlap_collapse
0.95,1.0,stationary,1.95,4000,misspecified_affine,linear,linear_estimated_tikhonov_1se_fqe,1.6944032033422294,1.5756180300554083,1.2080587125381168,100.86539344760054,0.7453602557067944,1.7244573312095164,1.7799742873909907,1.804560853086591,9.80051149539674,0.424902779411835,0.15418434168350428,0.005579887716035355,0.0,stable
0.95,1.0,stationary,1.95,4000,misspecified_affine,linear,linear_estimated_tikhonov_1se_xfit_fqe,1.6885481985758484,1.5732582493168707,1.2042203380105818,100.95239752577625,0.7430968837732866,1.7315964349268984,1.7919161184628678,1.8368996522877215,9.77380727479476,0.42330679747774425,0.1537862413812801,0.005590778903593553,0.0,stable
0.95,1.0,stationary,1.95,4000,misspecified_affine,linear,linear_estimated_tikhonov_fqe,1.6944032033422294,1.5756180300554083,1.2080587125381168,100.86539344760054,0.7453602557067944,1.7244573312095164,1.7799742873909907,1.804560853086591,9.80051149539674,0.424902779411835,0.15418434168350428,0.005579887716035355,0.0,stable
0.95,1.0,stationary,1.95,4000,misspecified_affine,linear,linear_estimated_tikhonov_xfit_fqe,1.6885481985758484,1.5732582493168707,1.2042203380105818,100.95239752577625,0.7430968837732866,1.7315964349268984,1.7919161184628678,1.8368996522877215,9.77380727479476,0.42330679747774425,0.1537862413812801,0.005590778903593553,0.0,stable
0.95,1.0,stationary,1.95,4000,misspecified_affine,linear,linear_estimated_unregularized_fqe,26.071739302775327,20.631262170765257,22.49530944403049,56.51993685744729,0.29055140402110263,3.726299451781236,7.199161907219226,22.757910824360334,10.107580550100094,0.3696187702130882,0.40733457240379073,0.03512998421312791,0.0,stable
0.95,1.0,stationary,1.95,4000,misspecified_affine,linear,linear_minimax_q_rbf,0.1670477057386028,1.430724737919186,0.48636453776322147,119.62383897800463,1.0,1.0,1.0,1.0,12.11176955444949,nan,0.49465699217566544,0.004568963421752486,0.0,stable
0.95,1.0,stationary,1.95,4000,misspecified_affine,linear,linear_oracle_clipped_fqe,3.657582118509,2.601099655866831,2.6243564272231135,88.75077856945929,0.4000000002294593,3.977758438627061,5.423464655260827,5.423767502294209,11.360257976965551,0.9729600078783353,0.17829951250748807,0.004040767537681053,0.0,stable
0.95,1.0,stationary,1.95,4000,misspecified_affine,linear,linear_oracle_raw_fqe,0.05615428049733839,2.245347987166378,0.9147088295366821,133.83421148986068,0.19033261078036046,5.605861078227811,7.856436379796012,26.07002636175115,0.0,1.0,0.02041167211484607,0.005853339228258901,0.0,stable
0.95,1.0,stationary,1.95,4000,misspecified_affine,linear,linear_standard_fqe,30.36547428476914,23.791066134670114,26.1177630631702,33.71882682231542,1.0,1.0,1.0,1.0,12.11176955444949,nan,0.49465699217566544,0.004568963421752486,0.0,stable
