study_stage,gamma,shift,sample_size,process_noise_sd,behavior_action_sd,feature_regime,seed,estimator,target_q_mse,target_q_mse_se,behavior_q_mse,behavior_q_mse_se,policy_value_estimate,policy_value_true,policy_value_error,policy_value_absolute_error,policy_value_squared_error,initial_v_mse,initial_v_mse_se,behavior_v_mse,behavior_v_mse_se,target_v_mse,target_v_mse_se,behavior_bellman_residual_mse,target_bellman_residual_mse,weight_mean,weight_std,weight_max,weight_q90,weight_q95,weight_q99,effective_sample_size,effective_sample_size_fraction,fraction_clipped,chosen_uniform_mix,clip_level,oracle_log_ratio_rmse,oracle_estimated_weight_corr,oracle_estimated_weight_mae,oracle_estimated_weight_rel_mse,weighted_design_condition_number,unstable_run_flag,unstable_reason,value_gamma,ratio_gamma,reference_distribution,data_mode,fqe_family,ratio_estimator,ratio_moment_violation_l2,ratio_normalization_error,target_ratio_feature_calibration_l2,target_fqe_feature_calibration_l2,ratio_solver,n_seeds,policy_value_bias,policy_value_variance,policy_value_mse,unstable_run_count,unstable_run_fraction
gamma_paper,0.95,0.0,4000,0.05,0.1,misspecified_affine,0,linear_estimated_clipped_fqe,3.20933652596717,0.04372012712801721,3.2084129540713326,0.043616596134065634,-12.151967971688787,-11.831586406340456,-0.32038156534832735,0.32038156534832735,0.1065742703908229,5.24344707098449,0.15806541659192902,3.0922607137224007,0.04694894597801479,3.0864585032115643,0.04672052495903535,0.35595531442174255,0.3536804621897888,1.0,0.06825072867837437,1.1828564705994717,1.0768246694056658,1.1055144732731532,1.1828413306235612,3980.467483853715,0.9951168709634287,0.009999999999999998,0.0,1.182075604958833,0.07845488384692872,nan,0.04978834204885623,0.004913043814736333,204.1736205963921,0.0,stable,0.95,0.95,discounted,matched_iid,linear,linear_clipped,0.003756021618138492,-2.3323863676973923e-05,0.00511880127455569,0.004666337908212959,linear_reduced_moment,100,-0.32038156534832735,0.003929922975778325,0.1065742703908229,0,0.0
gamma_paper,0.95,0.0,4000,0.05,0.1,misspecified_affine,0,linear_neural_weighted_clipped_fqe,2.935200731733522,0.039902114960543716,2.944962301711807,0.04110775707952963,-12.317448966840313,-11.831586406340456,-0.48586256049985527,0.48586256049985527,0.26238505752509356,5.293819135986653,0.1454096143375449,2.816621974893838,0.0424903903525355,2.816699067473377,0.04437545313490137,0.35517737100999996,0.3544928346950353,1.0,0.04906185829781194,1.126111509793303,1.0486831406969546,1.0680153106149646,1.126102192283384,3989.314439486728,0.9973286098716821,0.010000000000000002,0.0,1.1225663878321643,0.05025314189785472,nan,0.03511961048053712,0.0026820933012278157,202.64414906107436,0.0,stable,0.95,0.95,discounted,matched_iid,linear,neural_clipped,0.029246560985205495,-0.002778232387080798,0.012643308253935814,0.012531683142280554,neural_positive_rkhs_moment,20,-0.48586256049985527,0.026322629829618104,0.26238505752509356,0,0.0
gamma_paper,0.95,0.0,4000,0.05,0.1,misspecified_affine,0,linear_oracle_clipped_fqe,3.271350843977761,0.04395750824149678,3.270410590417066,0.04379346561690085,-12.183094085433707,-11.831586406340456,-0.35150767909325126,0.35775431531494406,0.16585797637684802,5.267974856445404,0.15618288182109358,3.1522469815118574,0.04703302052934968,3.147242870426028,0.046900198395392036,0.35783992110386437,0.3554920399766299,1.0,0.0,1.0,1.0,1.0,1.0,4000.0,1.0,0.0,0.0,1.0,0.0,1.0,0.0,0.0,204.26377885249013,0.0,stable,0.95,0.95,discounted,matched_iid,linear,oracle_clipped,0.0,0.0,0.007079118969576566,0.006364012556348143,oracle_exact_clipped,100,-0.35150767909325126,0.04230032791532391,0.16585797637684802,0,0.0
gamma_paper,0.95,0.0,4000,0.05,0.1,misspecified_affine,0,linear_oracle_raw_fqe,3.271350843977761,0.04395750824149678,3.270410590417066,0.04379346561690085,-12.183094085433707,-11.831586406340456,-0.35150767909325126,0.35775431531494406,0.16585797637684802,5.267974856445404,0.15618288182109358,3.1522469815118574,0.04703302052934968,3.147242870426028,0.046900198395392036,0.35783992110386437,0.3554920399766299,1.0,0.0,1.0,1.0,1.0,1.0,4000.0,1.0,0.0,0.0,nan,0.0,1.0,0.0,0.0,204.26377885249013,0.0,stable,0.95,0.95,discounted,matched_iid,linear,oracle_raw,0.0,0.0,0.007079118969576566,0.006364012556348143,oracle_exact,100,-0.35150767909325126,0.04230032791532391,0.16585797637684802,0,0.0
gamma_paper,0.95,0.0,4000,0.05,0.1,misspecified_affine,0,linear_standard_fqe,3.271350843977761,0.04395750824149678,3.270410590417066,0.04379346561690085,-12.183094085433707,-11.831586406340456,-0.35150767909325126,0.35775431531494406,0.16585797637684802,5.267974856445404,0.15618288182109358,3.1522469815118574,0.04703302052934968,3.147242870426028,0.046900198395392036,0.35783992110386437,0.3554920399766299,1.0,0.0,1.0,1.0,1.0,1.0,4000.0,1.0,0.0,0.0,nan,0.0,1.0,0.0,0.0,204.26377885249013,0.0,stable,0.95,0.95,discounted,matched_iid,linear,standard,nan,0.0,0.007079118969576566,0.006364012556348143,uniform,100,-0.35150767909325126,0.04230032791532391,0.16585797637684802,0,0.0
gamma_paper,0.95,0.0,4000,0.05,0.1,misspecified_affine,0,neural_estimated_clipped_fqe,1.449091576405018,0.07904722554068849,1.4604016941920244,0.08162563073613152,-8.595263453941817,-11.831586406340456,3.2363229523986425,3.2363229523986425,10.489999065359973,16.53884536555832,0.3502048173034142,1.453010582197511,0.08977324726286344,1.4271909206352358,0.09259849291242411,0.2546432577568115,0.2529389700944536,1.0,0.06541433463084764,1.1813497620140985,1.0638341032363479,1.094025231148453,1.181334514325507,3981.4424911193446,0.9953606227798361,0.010000000000000002,0.0,1.1806875211132115,0.08130741726913777,nan,0.04565557517112392,0.004672313527104515,205.87660194365125,0.0,stable,0.95,0.95,discounted,matched_iid,neural,linear_clipped,0.0036083472626187102,-2.1703267873574016e-05,0.004856099026631631,0.004909181227257405,linear_reduced_moment,20,3.2363229523986425,0.016212813137704705,10.489999065359973,0,0.0
gamma_paper,0.95,0.0,4000,0.05,0.1,misspecified_affine,0,neural_neural_weighted_clipped_fqe,1.4343104734192618,0.07772258000407131,1.4455978730818633,0.08026901862715372,-8.628565267826719,-11.831586406340456,3.203021138513738,3.203021138513738,10.280606575544239,16.229227370404136,0.34410468320675835,1.4379593333683505,0.0882383504952681,1.4133363574168276,0.09114181177158467,0.24827014419664986,0.24676851301026398,1.0,0.04906185829781194,1.126111509793303,1.0486831406969546,1.0680153106149646,1.126102192283384,3989.314439486728,0.9973286098716821,0.010000000000000002,0.0,1.1225663878321643,0.05025314189785472,nan,0.03511961048053712,0.0026820933012278157,202.64414906107436,0.0,stable,0.95,0.95,discounted,matched_iid,neural,neural_clipped,0.029246560985205495,-0.002778232387080798,0.012643308253935814,0.012531683142280554,neural_positive_rkhs_moment,20,3.203021138513738,0.021262161778398934,10.280606575544239,0,0.0
gamma_paper,0.95,0.0,4000,0.05,0.1,misspecified_affine,0,neural_oracle_clipped_fqe,1.4381316040057033,0.0778847722666203,1.449086433673092,0.08034810120499768,-8.617957891531656,-11.831586406340456,3.2136285148088026,3.2136285148088026,10.349643155652723,16.29342975620001,0.34447706574451253,1.4420713025373888,0.08845115059249253,1.4170497246576952,0.09135055445573811,0.24915047602870213,0.24785268063475585,1.0,0.0,1.0,1.0,1.0,1.0,4000.0,1.0,0.0,0.0,1.0,0.0,1.0,0.0,0.0,204.6704247747645,0.0,stable,0.95,0.95,discounted,matched_iid,neural,oracle_clipped,0.0,0.0,0.006544118967039191,0.005981355931077006,oracle_exact_clipped,20,3.2136285148088026,0.02223492446048506,10.349643155652723,0,0.0
gamma_paper,0.95,0.0,4000,0.05,0.1,misspecified_affine,0,neural_standard_fqe,1.4381316040057033,0.0778847722666203,1.449086433673092,0.08034810120499768,-8.617957891531656,-11.831586406340456,3.2136285148088026,3.2136285148088026,10.349643155652723,16.29342975620001,0.34447706574451253,1.4420713025373888,0.08845115059249253,1.4170497246576952,0.09135055445573811,0.24915047602870213,0.24785268063475585,1.0,0.0,1.0,1.0,1.0,1.0,4000.0,1.0,0.0,0.0,nan,0.0,1.0,0.0,0.0,204.6704247747645,0.0,stable,0.95,0.95,discounted,matched_iid,neural,standard,nan,0.0,0.006544118967039191,0.005981355931077006,uniform,20,3.2136285148088026,0.02223492446048506,10.349643155652723,0,0.0
gamma_paper,0.95,1.1,4000,0.05,0.1,misspecified_affine,0,linear_estimated_clipped_fqe,16.172393393089997,0.2848708506537264,29.79341809842747,0.9750330280834474,-10.914028219219688,-11.831586406340456,0.917558187120769,6.23135145262693,66.41444318344199,78.37436460107237,0.8025278197611584,29.404897735030442,0.8247041997764143,15.937144589961488,0.3199640589255111,4.631441474039891,1.1818246631284304,1.0,1.2244116105768665,4.962347345902481,2.9133414245369895,3.6293881135177575,4.962176878721012,1600.5276732991379,0.40013191832478445,0.009999999999999998,0.06076160278264434,6.5359263644594945,13.445005254294337,0.2846197817101046,1.268127972223397,0.8795303090274311,274.9403734376547,0.0,stable,0.95,0.95,discounted,matched_iid,linear,linear_clipped,0.26820561508725344,-0.001314329258839978,0.18508823246627304,0.18038451264364538,linear_reduced_moment,100,0.917558187120769,65.57253015668964,66.41444318344199,0,0.0
gamma_paper,0.95,1.1,4000,0.05,0.1,misspecified_affine,0,linear_neural_weighted_clipped_fqe,22.730111255607596,0.49705475328275484,20.18680823485527,0.472728807314832,-22.35446361122039,-11.831586406340456,-10.522877204879933,10.522877204879933,115.25669677845406,125.96062158376222,0.809259470571941,16.63062016941947,0.436195813827353,22.68801869922384,0.5707268844149673,4.021579077658086,1.3115528366974805,1.0,1.2247448708819992,5.525192963809495,2.9537245344140457,3.9129663488131583,5.524928462572104,1600.0000007988704,0.4000000001997176,0.010000000000000002,0.3121461131703108,7.0595544800758265,14.134096606158314,0.25609876719242936,1.270897451059963,0.8926050022966121,240.80027710466965,0.0,stable,0.95,0.95,discounted,matched_iid,linear,neural_clipped,0.3500046884481333,-0.059525517166751474,0.15923855727620814,0.1850674539652322,neural_positive_rkhs_moment,20,-10.522877204879933,4.525752109472356,115.25669677845406,0,0.0
gamma_paper,0.95,1.1,4000,0.05,0.1,misspecified_affine,0,linear_oracle_clipped_fqe,70.9997026136447,0.43733580392789584,63.80805350643992,1.0149900397422094,-10.16904581718901,-11.831586406340456,1.6625405891514484,2.2444034554839423,7.687828344252682,13.97986154133515,0.2685917020946247,65.19354954923196,0.6411319782106527,70.9800274821268,0.49910119138571707,3.489307453419607,0.7338645201824628,1.0,1.224744870460637,7.754902343417674,2.1477835182990233,3.7398869410801314,7.753968799291923,1600.000001459429,0.4000000003648573,0.009999999999999998,0.5785357794868761,8.126917993976155,14.545146325952539,0.6293521902615172,1.0051612225020319,0.7134211284139588,330.27059930188153,0.0,stable,0.95,0.95,discounted,matched_iid,linear,oracle_clipped,0.0,0.0,0.3038033624656504,0.3072182195503693,oracle_exact_clipped,100,1.6625405891514484,4.923787133676638,7.687828344252682,0,0.0
gamma_paper,0.95,1.1,4000,0.05,0.1,misspecified_affine,0,linear_oracle_raw_fqe,9.258035558447544,0.5611421255663473,210.31799502216094,5.630094723068432,-0.7854987135942941,-11.831586406340456,11.046087692746166,11.046087692746166,122.24680810520333,156.1484345773254,2.134150873014602,78.57537712545377,2.426245077286975,9.171387867517888,0.6418448533821943,40.98420407983391,3.987288802244069,1.0,8.178103608854133,398.4479159432208,2.838175259945632,5.740423369048179,13.058185570945477,148.5581227553668,0.03713953068884171,0.0,0.0,nan,0.0,1.0,0.0,0.0,235.77589288228418,1.0,overlap_collapse,0.95,0.95,discounted,matched_iid,linear,oracle_raw,0.0,0.0,0.12277707516240674,0.18283521679287879,oracle_exact,100,11.046087692746166,0.23075478936504662,122.24680810520333,100,1.0
gamma_paper,0.95,1.1,4000,0.05,0.1,misspecified_affine,0,linear_standard_fqe,504.8427145117457,1.9803622540977006,403.44773725033986,2.1627862970623637,-0.6324241315461596,-11.831586406340456,11.199162274794299,11.199162274794299,131.75270494777763,140.92577266965907,0.9625535131898968,431.8812043707494,2.087475590497905,505.06444909515415,2.2744711964986357,3.084596776912872,1.4600759663813754,1.0,0.0,1.0,1.0,1.0,1.0,4000.0,1.0,0.0,0.0,nan,15.03288570386734,nan,1.6754680214214173,0.9628604693111584,604.2187535407088,0.0,stable,0.95,0.95,discounted,matched_iid,linear,standard,nan,0.0,0.5611310031201309,0.553969301166461,uniform,100,11.199162274794299,6.331469290601785,131.75270494777763,0,0.0
gamma_paper,0.95,1.1,4000,0.05,0.1,misspecified_affine,0,neural_estimated_clipped_fqe,2.9409977112357866,0.14122711970157115,41.74039629853938,1.3641259863309108,-13.366188978116815,-11.831586406340456,-1.5346025717763596,4.96335814793817,33.61959502726206,41.72824678163043,0.447765827117355,17.679709707296475,0.48084411977381086,2.893242766135771,0.16169534943339423,53.434910683070356,1.4524732101399807,1.0,1.2247448710281463,5.0031871893350495,2.909805448593859,3.631302101276553,5.003063077942169,1600.0000005697593,0.4000000001424399,0.010000000000000002,0.06932889436604454,6.606426088259464,13.546156333021523,0.28353236110560287,1.2630266180625997,0.8806246865824804,270.62629132791994,0.0,stable,0.95,0.95,discounted,matched_iid,neural,linear_clipped,0.26845282924389624,-0.0012425132908104985,0.18297408821984365,0.17935034421702994,linear_reduced_moment,20,-1.5346025717763596,31.264589973959442,33.61959502726206,0,0.0
gamma_paper,0.95,1.1,4000,0.05,0.1,misspecified_affine,0,neural_neural_weighted_clipped_fqe,2.665100632132649,0.13358270128138294,37.817834818885856,1.3251668799456944,-13.001946062056211,-11.831586406340456,-1.1703596557157556,4.808558688209816,30.259296790361105,38.11931825221276,0.43007409416145553,14.947255289466023,0.4207643954421859,2.5756333244038854,0.15026339411605924,45.662400784587916,1.3832576984392093,1.0,1.2247448708819992,5.525192963809495,2.9537245344140457,3.9129663488131583,5.524928462572104,1600.0000007988704,0.4000000001997176,0.010000000000000002,0.3121461131703108,7.0595544800758265,14.134096606158314,0.25609876719242936,1.270897451059963,0.8926050022966121,240.80027710466965,0.0,stable,0.95,0.95,discounted,matched_iid,neural,neural_clipped,0.3500046884481333,-0.059525517166751474,0.15923855727620814,0.1850674539652322,neural_positive_rkhs_moment,20,-1.1703596557157556,28.889555066634,30.259296790361105,0,0.0
gamma_paper,0.95,1.1,4000,0.05,0.1,misspecified_affine,0,neural_oracle_clipped_fqe,2.692925180818908,0.12925190535920172,36.90776305810815,1.2693977278771804,-13.03111880252062,-11.831586406340456,-1.1995323961801614,4.6973954096586725,28.135333734222307,36.2769855435522,0.42215639114286035,15.118644380350597,0.3951172532768056,2.6008467449643247,0.14568242255846392,52.11477292313333,1.4423910451874575,1.0,1.2247448702840347,7.752621341454526,2.123300748053892,3.764011490738085,7.751630879285324,1600.000001736284,0.400000000434071,0.010000000000000002,0.580005405403208,8.014242748330117,14.511743804019094,0.6296254674160484,0.9995162347498419,0.7148229254581026,332.63598262740163,0.0,stable,0.95,0.95,discounted,matched_iid,neural,oracle_clipped,0.0,0.0,0.30330938267091384,0.3073718047612205,oracle_exact_clipped,20,-1.1995323961801614,26.696455764736584,28.135333734222307,0,0.0
gamma_paper,0.95,1.1,4000,0.05,0.1,misspecified_affine,0,neural_standard_fqe,2.786073538645358,0.12671145086580565,35.28135530265729,1.205713773172383,-13.035362537031668,-11.831586406340456,-1.2037761306912114,4.6504899760244935,26.716088455238456,35.15304858562107,0.41814534058754227,15.415988460641762,0.3821721597520649,2.690499423677438,0.14311396717184047,55.91530085204838,1.4966561018631794,1.0,0.0,1.0,1.0,1.0,1.0,4000.0,1.0,0.0,0.0,nan,14.99811300923012,nan,1.6748619020087268,0.9633347736693777,604.3376595849539,0.0,stable,0.95,0.95,discounted,matched_iid,neural,standard,nan,0.0,0.5590146772142489,0.5527328125314678,uniform,20,-1.2037761306912114,25.267011482416557,26.716088455238456,0,0.0
gamma_paper,0.95,1.35,4000,0.05,0.1,misspecified_affine,0,linear_estimated_clipped_fqe,1831.9362984554673,4.667375206880787,2050.1390573289814,17.934187788365616,34.480102892263545,-11.831586406340456,46.31168929860401,46.418757927161714,2463.1918339827075,2507.457562316007,8.222328708365549,2384.4334179248176,16.08397220473676,1831.6680498033204,5.2970978281458745,20.287990393312587,9.021484410844042,1.0,1.2247448706701776,7.303408497825443,2.067713359586379,3.7038281641999338,7.302823624313716,1600.0000011309378,0.40000000028273436,0.009999999999999998,0.43451421112008404,17.34178261814541,16.994952697792197,0.29607769515979826,1.740837231715842,0.9393612841595624,1254.6482236664604,0.0,stable,0.95,0.95,discounted,matched_iid,linear,linear_clipped,0.49050393998384395,-0.012452489301097934,1.126909595838567,0.8069650229783071,linear_reduced_moment,100,46.31168929860401,318.41926829227486,2463.1918339827075,0,0.0
gamma_paper,0.95,1.35,4000,0.05,0.1,misspecified_affine,0,linear_neural_weighted_clipped_fqe,1354.489509647777,2.3017495860235466,1217.9304337063472,11.029037792420578,16.7807225896526,-11.831586406340456,28.612308995993054,28.612308995993054,884.3515070835776,890.4337073699695,1.6591444632574934,1311.775866690266,7.370843495759404,1353.809186937716,2.6076987524380373,21.410948753513534,3.349330514080566,1.0,1.2247448707474777,7.00142400047333,2.2391031071220295,3.7552929313794743,7.001162375321708,1600.0000010097563,0.40000000025243904,0.010000000000000002,0.44979322810890154,1.9501114416420435,16.817030276971266,0.30738949033050933,1.7504412904483053,0.9358458990108389,1014.0341520688686,0.0,stable,0.95,0.95,discounted,matched_iid,linear,neural_clipped,0.3351095370368277,-0.864710057229378,0.8637853974380411,0.6935882655760209,neural_positive_rkhs_moment,20,28.612308995993054,65.68728100139253,884.3515070835776,0,0.0
gamma_paper,0.95,1.35,4000,0.05,0.1,misspecified_affine,0,linear_oracle_clipped_fqe,1371.605875450906,2.5869923260237555,1177.1410095884007,11.067384381725972,18.30217443068731,-11.831586406340456,30.133760837027765,30.1973677724498,1042.8050381769108,1057.0505039882125,2.661489694089767,1333.1868580575922,8.148772127977388,1371.8295602215599,2.9207899687939727,19.959012043382195,4.457476225991661,1.0,2.468034761647609,21.758128867034166,0.6500000128395746,0.650220618133809,21.75280965592596,566.0511218732698,0.14151278046831745,0.009999999999999998,0.6500000000000001,16.95059318213806,16.999575966939812,0.6292512878976497,1.289127802369819,0.7620361484472093,1240.9925237490754,0.87,overlap_collapse,0.95,0.95,discounted,matched_iid,linear,oracle_clipped,0.0,0.0,1.1234609593992628,0.8148272129963054,oracle_exact_clipped,100,30.133760837027765,134.76149599372232,1042.8050381769108,87,0.87
gamma_paper,0.95,1.35,4000,0.05,0.1,misspecified_affine,0,linear_oracle_raw_fqe,10.455068019439691,0.5888488050756387,1426.375019550733,28.79795936546205,-1.0047233269705216,-11.831586406340456,10.826863079369932,11.367516885687849,130.26282401704603,164.6163907028031,2.187372278676205,480.6034973376409,11.39831222331168,10.364919489098007,0.6741205519158264,279.7685106285777,4.019457830560007,1.0,14.678126274857897,689.719341593928,1.811697085035415e-08,0.0003174373401625349,30.010502480884043,29.059832213820513,0.0072649580534551285,0.0,0.0,nan,0.0,1.0,0.0,0.0,272.63044061923154,1.0,overlap_collapse,0.95,0.95,discounted,matched_iid,linear,oracle_raw,0.0,0.0,0.11056841135607426,0.1889003487618127,oracle_exact,100,10.826863079369932,13.041859877622208,130.26282401704603,100,1.0
gamma_paper,0.95,1.35,4000,0.05,0.1,misspecified_affine,0,linear_standard_fqe,13392.620670981752,14.18238716417123,10462.376575888997,20.995775663542737,87.30734109015262,-11.831586406340456,99.13892749649308,99.13892749649308,9870.519122410768,9886.434307815376,9.320305352487832,11719.8382537844,16.911020045070178,13394.607991995981,16.22887637053633,14.528357038964598,28.37032374969126,1.0,0.0,1.0,1.0,1.0,1.0,4000.0,1.0,0.0,0.0,nan,17.42747386131473,nan,1.939814550035483,0.992735041946545,1960.2621439555553,0.0,stable,0.95,0.95,discounted,matched_iid,linear,standard,nan,0.0,1.7549963505307744,1.2781150655894977,uniform,100,99.13892749649308,41.99217725585541,9870.519122410768,0,0.0
gamma_paper,0.95,1.35,4000,0.05,0.1,misspecified_affine,0,neural_estimated_clipped_fqe,7.0772835900233115,0.4053632755887195,320.7118081770552,7.315844404013393,-3.1896965810135414,-11.831586406340456,8.641889825326917,8.641889825326917,86.01364815198646,111.48802345744548,1.538851530963574,138.37042290648805,3.828920155860858,6.969184933530029,0.4667365037770074,114.15537850010305,2.5611230485642,1.0,1.224744870531835,7.369489563432573,2.045026742432054,3.6729460399804097,7.3689740128121315,1600.0000013478143,0.4000000003369535,0.010000000000000002,0.4436691792821512,17.696618917880855,16.856067355991335,0.3086519503524414,1.7407735482216293,0.9357879997105447,1246.1356305330519,0.0,stable,0.95,0.95,discounted,matched_iid,neural,linear_clipped,0.4922948809677451,-0.011757265192043004,1.127502746328862,0.8084358172553199,linear_reduced_moment,20,8.641889825326917,11.331388398897577,86.01364815198646,0,0.0
gamma_paper,0.95,1.35,4000,0.05,0.1,misspecified_affine,0,neural_neural_weighted_clipped_fqe,7.7144149570282705,0.4446780908382831,329.831713435904,7.681668411353624,-2.563678356984838,-11.831586406340456,9.26790804935562,9.26790804935562,94.3756817504691,122.07862497322199,1.6898401669019787,140.90116529158144,4.077538703004021,7.591690936601014,0.5121378939958342,90.87238814294513,2.7619354833080445,1.0,1.2247448707474777,7.00142400047333,2.2391031071220295,3.7552929313794743,7.001162375321708,1600.0000010097563,0.40000000025243904,0.010000000000000002,0.44979322810890154,1.9501114416420435,16.817030276971266,0.30738949033050933,1.7504412904483053,0.9358458990108389,1014.0341520688686,0.0,stable,0.95,0.95,discounted,matched_iid,neural,neural_clipped,0.3351095370368277,-0.864710057229378,0.8637853974380411,0.6935882655760209,neural_positive_rkhs_moment,20,9.26790804935562,8.481562139158388,94.3756817504691,0,0.0
gamma_paper,0.95,1.35,4000,0.05,0.1,misspecified_affine,0,neural_oracle_clipped_fqe,7.580632019453111,0.4259853832290756,327.77944638322276,7.511795503763845,-2.8551537310413737,-11.831586406340456,8.976432675299087,8.976432675299087,91.02959243334513,117.45269814905446,1.6081023898325828,128.76074456913108,3.6288983090729454,7.478379313258761,0.4900515246647094,117.0183011154194,2.5953527101668015,1.0,2.496874199869256,22.12886211470218,0.6500000135730242,0.6501604939880963,22.12376558413107,554.4655545178719,0.13861638862946796,0.010000000000000002,0.6500000000000001,16.30042722417155,16.852269681400408,0.6612294250810817,1.267145565547723,0.741697095169776,1221.412293774803,1.0,overlap_collapse,0.95,0.95,discounted,matched_iid,neural,oracle_clipped,0.0,0.0,1.1207520365684047,0.8143916354681611,oracle_exact_clipped,20,8.976432675299087,10.45324885916805,91.02959243334513,20,1.0
gamma_paper,0.95,1.35,4000,0.05,0.1,misspecified_affine,0,neural_standard_fqe,7.2405162036475375,0.40054616351887,329.62283368045706,7.512421924914934,-3.4105017148390027,-11.831586406340456,8.421084691501456,8.491024940603612,85.03325190410641,110.16053935007417,1.5084849543353431,113.18173788486868,3.246423893076771,7.148381375700664,0.4612461914966624,141.2051909776256,2.39727838094148,1.0,0.0,1.0,1.0,1.0,1.0,4000.0,1.0,0.0,0.0,nan,17.280671903491033,nan,1.9396917081626426,0.9923231133218243,1964.451246108733,0.0,stable,0.95,0.95,discounted,matched_iid,neural,standard,nan,0.0,1.7511268712784283,1.2780616950250816,uniform,20,8.421084691501456,14.118584522666248,85.03325190410641,0,0.0
gamma_paper,0.95,0.0,4000,0.05,0.1,misspecified_affine,0,linear_estimated_clipped_fqe,0.8661109669976503,0.020781535100944423,0.8706639082974152,0.022297764121912766,-13.120282252055736,-11.831586406340456,-1.2886958457152784,1.2886958457152784,1.7731967792161711,7.90386060247105,0.16023951521855997,0.7992567413018502,0.024203986139213252,0.7974149545487988,0.023161759864424713,0.17406937731071534,0.16792621828909596,1.0,0.07899397712625342,1.1828512980787098,1.0898344502455004,1.1166958274742762,1.1828365818038569,3973.8989903699076,0.993474747592477,0.009999999999999998,0.0,1.1819078176788878,0.10026086718408686,nan,0.05892925322439476,0.006577655538504349,175.44468999866496,0.0,stable,0.95,0.99,discounted,matched_iid,linear,linear_clipped,0.0037202737064890383,-3.07242154780496e-05,0.005466469490765989,0.003907131335347918,linear_reduced_moment,100,-1.2886958457152784,0.11245979645235493,1.7731967792161711,0,0.0
gamma_paper,0.95,0.0,4000,0.05,0.1,misspecified_affine,0,linear_neural_weighted_clipped_fqe,0.8128601701631009,0.02242232775077065,0.8075916793539586,0.022237034910542568,-12.873506036745676,-11.831586406340456,-1.0419196304052183,1.1913697764990054,1.6591905761264436,8.225463099959686,0.17828456720281988,0.7524741211564547,0.025102510574255714,0.7538957070729783,0.025295439793489992,0.17514336288531113,0.1757422457556874,1.0,0.05099086068137574,1.14127887029258,1.042264240436349,1.0622055747154033,1.1412709910346297,3987.985849394337,0.9969964623485842,0.010000000000000002,0.0,1.1390434904694555,0.05870096701074514,nan,0.030186653380184714,0.0030174047897412156,175.99239765709825,0.0,stable,0.95,0.99,discounted,matched_iid,linear,neural_clipped,0.019819270376107877,-0.001386355972476294,0.007423868157507295,0.0068155863398922465,neural_positive_rkhs_moment,20,-1.0419196304052183,0.5735940599026971,1.6591905761264436,0,0.0
gamma_paper,0.95,0.0,4000,0.05,0.1,misspecified_affine,0,linear_oracle_clipped_fqe,0.8893429217115282,0.020744664339312963,0.8936318954190599,0.022462186284519424,-13.18218146946933,-11.831586406340456,-1.3505950631288741,1.366446886749155,2.1472693049607283,8.161638238960572,0.15891158076725553,0.8200200387910408,0.02441813675980532,0.8170294519760791,0.0232770968520593,0.17576579971437506,0.1696491341351428,1.0,0.0,1.0,1.0,1.0,1.0,4000.0,1.0,0.0,0.0,1.0,0.0,1.0,0.0,0.0,174.59531848706476,0.0,stable,0.95,0.99,discounted,matched_iid,linear,oracle_clipped,0.0,0.0,0.0048138441421556885,0.003517464502877482,oracle_exact_clipped,100,-1.3505950631288741,0.32316228041264067,2.1472693049607283,0,0.0
gamma_paper,0.95,0.0,4000,0.05,0.1,misspecified_affine,0,linear_oracle_raw_fqe,0.8893429217115282,0.020744664339312963,0.8936318954190599,0.022462186284519424,-13.18218146946933,-11.831586406340456,-1.3505950631288741,1.366446886749155,2.1472693049607283,8.161638238960572,0.15891158076725553,0.8200200387910408,0.02441813675980532,0.8170294519760791,0.0232770968520593,0.17576579971437506,0.1696491341351428,1.0,0.0,1.0,1.0,1.0,1.0,4000.0,1.0,0.0,0.0,nan,0.0,1.0,0.0,0.0,174.59531848706476,0.0,stable,0.95,0.99,discounted,matched_iid,linear,oracle_raw,0.0,0.0,0.0048138441421556885,0.003517464502877482,oracle_exact,100,-1.3505950631288741,0.32316228041264067,2.1472693049607283,0,0.0
gamma_paper,0.95,0.0,4000,0.05,0.1,misspecified_affine,0,linear_standard_fqe,0.8893429217115282,0.020744664339312963,0.8936318954190599,0.022462186284519424,-13.18218146946933,-11.831586406340456,-1.3505950631288741,1.366446886749155,2.1472693049607283,8.161638238960572,0.15891158076725553,0.8200200387910408,0.02441813675980532,0.8170294519760791,0.0232770968520593,0.17576579971437506,0.1696491341351428,1.0,0.0,1.0,1.0,1.0,1.0,4000.0,1.0,0.0,0.0,nan,0.0,1.0,0.0,0.0,174.59531848706476,0.0,stable,0.95,0.99,discounted,matched_iid,linear,standard,nan,0.0,0.0048138441421556885,0.003517464502877482,uniform,100,-1.3505950631288741,0.32316228041264067,2.1472693049607283,0,0.0
gamma_paper,0.95,0.0,4000,0.05,0.1,misspecified_affine,0,neural_estimated_clipped_fqe,0.41683407478958817,0.04023271162663698,0.41861120897339593,0.0415875034036906,-8.780580461968327,-11.831586406340456,3.05100594437213,3.05100594437213,9.38510787669271,18.453427495060485,0.44198121646954974,0.4203235732824848,0.046605049585778956,0.41748851508861007,0.04684856598144316,0.06763908142463884,0.0673810961632281,1.0,0.07899326511345914,1.1838288658261977,1.0901358521431312,1.1180045266270724,1.1838169139221681,3974.3078590703967,0.9935769647675994,0.010000000000000002,0.0,1.1828251738547984,0.10671815595334463,nan,0.058707748403689884,0.0064706033023947465,175.3192254633599,0.0,stable,0.95,0.99,discounted,matched_iid,neural,linear_clipped,0.004447186329845993,-3.525332377747325e-05,0.005987212719443683,0.00439701874561643,linear_reduced_moment,20,3.05100594437213,0.07647060409864112,9.38510787669271,0,0.0
gamma_paper,0.95,0.0,4000,0.05,0.1,misspecified_affine,0,neural_neural_weighted_clipped_fqe,0.4173155383199636,0.04039939654494908,0.41936521233295593,0.04172789302915056,-8.759906719977021,-11.831586406340456,3.071679686363436,3.071679686363436,9.564986814566893,18.578314209304118,0.4421848557255406,0.4213142250987407,0.04677080128261322,0.4177931024097026,0.0470068223430612,0.06851080279297991,0.0684203763633008,1.0,0.05099086068137574,1.14127887029258,1.042264240436349,1.0622055747154033,1.1412709910346297,3987.985849394337,0.9969964623485842,0.010000000000000002,0.0,1.1390434904694555,0.05870096701074514,nan,0.030186653380184714,0.0030174047897412156,175.99239765709825,0.0,stable,0.95,0.99,discounted,matched_iid,neural,neural_clipped,0.019819270376107877,-0.001386355972476294,0.007423868157507295,0.0068155863398922465,neural_positive_rkhs_moment,20,3.071679686363436,0.1297707189491172,9.564986814566893,0,0.0
gamma_paper,0.95,0.0,4000,0.05,0.1,misspecified_affine,0,neural_oracle_clipped_fqe,0.4130499579082182,0.03954867516842271,0.41396178244205667,0.040696604139428876,-8.849581846512951,-11.831586406340456,2.982004559827509,2.982004559827509,9.047017981983785,18.045043334315075,0.43364660511566794,0.4163305108503062,0.045637840136498825,0.41276407868164033,0.04590736914652901,0.06627495142347155,0.06677449094684054,1.0,0.0,1.0,1.0,1.0,1.0,4000.0,1.0,0.0,0.0,1.0,0.0,1.0,0.0,0.0,174.36781371766702,0.0,stable,0.95,0.99,discounted,matched_iid,neural,oracle_clipped,0.0,0.0,0.005015883155390672,0.0037739608138946854,oracle_exact_clipped,20,2.982004559827509,0.15466678715172752,9.047017981983785,0,0.0
gamma_paper,0.95,0.0,4000,0.05,0.1,misspecified_affine,0,neural_standard_fqe,0.4130499579082182,0.03954867516842271,0.41396178244205667,0.040696604139428876,-8.849581846512951,-11.831586406340456,2.982004559827509,2.982004559827509,9.047017981983785,18.045043334315075,0.43364660511566794,0.4163305108503062,0.045637840136498825,0.41276407868164033,0.04590736914652901,0.06627495142347155,0.06677449094684054,1.0,0.0,1.0,1.0,1.0,1.0,4000.0,1.0,0.0,0.0,nan,0.0,1.0,0.0,0.0,174.36781371766702,0.0,stable,0.95,0.99,discounted,matched_iid,neural,standard,nan,0.0,0.005015883155390672,0.0037739608138946854,uniform,20,2.982004559827509,0.15466678715172752,9.047017981983785,0,0.0
gamma_paper,0.95,1.1,4000,0.05,0.1,misspecified_affine,0,linear_estimated_clipped_fqe,7.379322415444269,0.3122690354527492,11.302866719896533,0.34254971260545525,-21.030038403208902,-11.831586406340456,-9.198451996868444,10.125729437021544,141.320911543314,155.8310368435743,1.0728162692483372,7.760520995072138,0.33063688804247293,7.20816506899625,0.35690080814217934,1.91409389412199,0.422350144219348,1.0,0.776951416915117,2.3593031344185404,1.9800583071339406,2.1043825484327914,2.3592716199439145,2498.61860774278,0.6246546519356951,0.009999999999999998,0.0,2.748418899856589,6.013307185720765,0.37170215500204906,0.8083082788023265,0.7502476072342057,201.65641725163812,0.0,stable,0.95,0.99,discounted,matched_iid,linear,linear_clipped,0.10687785309403434,-0.007023124047481332,0.04051702906851745,0.04185375571851206,linear_reduced_moment,100,-9.198451996868444,56.709392404620914,141.320911543314,0,0.0
gamma_paper,0.95,1.1,4000,0.05,0.1,misspecified_affine,0,linear_neural_weighted_clipped_fqe,2.2469851292693397,0.23910779925356057,47.09465950863457,2.825131810598514,-1.1126065482573886,-11.831586406340456,10.718979858083069,10.718979858083069,115.08038249983315,149.72013559649764,2.116882952901519,17.655081334896767,1.1827120217602562,2.2219009566243404,0.27690118909819994,9.870120779249195,0.8513320020963254,1.0,0.7371868222574832,3.0391636469926895,1.9979958286333073,2.337127720645098,3.0390633032525067,2595.5854556275413,0.6488963639068854,0.010000000000000002,0.0,2.6060835235118844,7.662393361861367,0.1650515022049722,1.0786834925021902,0.8486183176175619,260.64144587860613,0.0,stable,0.95,0.99,discounted,matched_iid,linear,neural_clipped,0.21102878961367483,-0.13845619317476662,0.05026178545781366,0.07019473015794438,neural_positive_rkhs_moment,20,10.718979858083069,0.18385330184259535,115.08038249983315,0,0.0
gamma_paper,0.95,1.1,4000,0.05,0.1,misspecified_affine,0,linear_oracle_clipped_fqe,2.0338156002409633,0.058487684541350865,7.495512635122063,0.4842021564326979,-14.51440224111676,-11.831586406340456,-2.682815834776302,2.695170189226159,8.88689240698518,17.45002846745709,0.21956920992860318,3.213531886000443,0.21337772153971224,1.96096393409759,0.06690209403412993,1.4774727641728418,0.24823477253249884,1.0,1.2247448709261317,6.80928657731646,2.5441663392753235,3.2958886979119097,6.8085560298099,1600.000000729685,0.40000000018242127,0.009999999999999998,0.25007606692053375,7.16493915033252,8.915968876354349,0.7030007507565448,0.3425698684895054,0.47931765830247053,158.97791817367823,0.0,stable,0.95,0.99,discounted,matched_iid,linear,oracle_clipped,0.0,0.0,0.03461742750771591,0.04274120606851272,oracle_exact_clipped,100,-2.682815834776302,1.6893916036587118,8.88689240698518,0,0.0
gamma_paper,0.95,1.1,4000,0.05,0.1,misspecified_affine,0,linear_oracle_raw_fqe,1.9524804722191924,0.25473786188136716,49.10710284255368,2.881321125587799,-0.515588122661535,-11.831586406340456,11.31599828367892,11.31599828367892,128.36818701087847,163.11090658918457,2.2007150337119143,18.520602490951575,1.225170767978442,1.9312330014725057,0.2913344973728487,9.696351607976487,0.8032598375539106,1.0,3.529771912358243,151.82717619541157,2.735926201447755,3.6334151706604136,7.827265136249894,507.33257338077897,0.12683314334519474,0.0,0.0,nan,0.0,1.0,0.0,0.0,208.0364744964318,0.55,overlap_collapse,0.95,0.99,discounted,matched_iid,linear,oracle_raw,0.0,0.0,0.043091299331326535,0.04132085544453134,oracle_exact,100,11.31599828367892,0.3163698546541315,128.36818701087847,55,0.55
gamma_paper,0.95,1.1,4000,0.05,0.1,misspecified_affine,0,linear_standard_fqe,15.43156249125171,0.35634289539538594,15.278740575494147,0.2712803865107276,-24.92452802115843,-11.831586406340456,-13.09294161481797,13.09294161481797,176.65588700990517,194.5965019508117,1.3462025685422632,13.971110729896356,0.3287381965932895,15.342139178620936,0.40604139405809725,1.4407722979658977,0.5276114689165395,1.0,0.0,1.0,1.0,1.0,1.0,4000.0,1.0,0.0,0.0,nan,9.817664644409541,nan,1.2330016544043536,0.8731668566548053,221.81554465840352,0.0,stable,0.95,0.99,discounted,matched_iid,linear,standard,nan,0.0,0.17468859048591315,0.1564110275409354,uniform,100,-13.09294161481797,5.230766880872926,176.65588700990517,0,0.0
gamma_paper,0.95,1.1,4000,0.05,0.1,misspecified_affine,0,neural_estimated_clipped_fqe,1.3510173309907894,0.1159037400859062,9.865420581953849,0.7659543770185471,-11.721074094582038,-11.831586406340456,0.1105123117584216,6.370653285852196,50.37393778089577,63.85254831617059,0.7649888375854175,6.839651956721658,0.4577063746018011,1.2974754283496859,0.12682760722545078,4.91748189234756,0.37657660187235076,1.0,0.7682890401015137,2.3376033604342017,1.970592011217597,2.0906029752917648,2.337566781546189,2521.2235884204492,0.6303058971051124,0.010000000000000002,0.0,2.728114810632685,6.14319098013757,0.37821605116491736,0.8076578175065532,0.7327274587680754,202.66143672812436,0.0,stable,0.95,0.99,discounted,matched_iid,neural,linear_clipped,0.10943485120991307,-0.007069036646673554,0.0414287179782218,0.042664495350718624,linear_reduced_moment,20,0.1105123117584216,50.36172480984559,50.37393778089577,0,0.0
gamma_paper,0.95,1.1,4000,0.05,0.1,misspecified_affine,0,neural_neural_weighted_clipped_fqe,0.5466383903321896,0.07461340660724047,26.48265523480931,1.7448169900488015,-7.820676324328906,-11.831586406340456,4.010910082011552,4.355438085337267,23.627364814504492,37.00792116607724,0.7151410199346152,4.889139977350541,0.42034626241574,0.5349459306209182,0.08439188931534353,11.118181710378499,0.2895866690705571,1.0,0.7371868222574832,3.0391636469926895,1.9979958286333073,2.337127720645098,3.0390633032525067,2595.5854556275413,0.6488963639068854,0.010000000000000002,0.0,2.6060835235118844,7.662393361861367,0.1650515022049722,1.0786834925021902,0.8486183176175619,260.64144587860613,0.0,stable,0.95,0.99,discounted,matched_iid,neural,neural_clipped,0.21102878961367483,-0.13845619317476662,0.05026178545781366,0.07019473015794438,neural_positive_rkhs_moment,20,4.010910082011552,7.539965128522577,23.627364814504492,0,0.0
gamma_paper,0.95,1.1,4000,0.05,0.1,misspecified_affine,0,neural_oracle_clipped_fqe,0.7045280493407902,0.05984578025976286,9.274283255539762,0.7376944037416333,-12.58365004011971,-11.831586406340456,-0.7520636337792511,4.573563597924503,27.800141706504615,35.05572575018432,0.41333960757319754,3.6360941914181795,0.24473302306404326,0.6781688954492695,0.06698395940799111,6.860308351032529,0.19816014349561267,1.0,1.224744870951697,6.803526136778231,2.5475011664938285,3.277004258100561,6.802905801887109,1600.000000689607,0.40000000017240184,0.010000000000000002,0.24421660451684152,7.124124537188422,8.873587173611536,0.7318846569912794,0.32238161239583374,0.4349164135727725,161.38501558934368,0.0,stable,0.95,0.99,discounted,matched_iid,neural,oracle_clipped,0.0,0.0,0.03370633275550232,0.04198469287072621,oracle_exact_clipped,20,-0.7520636337792511,27.234541997251362,27.800141706504615,0,0.0
gamma_paper,0.95,1.1,4000,0.05,0.1,misspecified_affine,0,neural_standard_fqe,0.873904669721566,0.07157752043547574,7.903181623814031,0.645561511522938,-14.152373965196357,-11.831586406340456,-2.320787558855901,5.48390626769193,38.496044803979636,45.33877973172968,0.42069986903618,4.60453025076133,0.2444655378013671,0.8348848019812095,0.07933553096465028,9.72154761241816,0.25333416736462483,1.0,0.0,1.0,1.0,1.0,1.0,4000.0,1.0,0.0,0.0,nan,9.788748551271766,nan,1.2256374047509553,0.8586272208614576,222.02315148123117,0.0,stable,0.95,0.99,discounted,matched_iid,neural,standard,nan,0.0,0.17258878328901708,0.15449455473630883,uniform,20,-2.320787558855901,33.10998991063931,38.496044803979636,0,0.0
gamma_paper,0.95,1.35,4000,0.05,0.1,misspecified_affine,0,linear_estimated_clipped_fqe,12.235944184958571,0.3916237832533941,81.16028369468205,3.1098370455020135,-14.232490955047517,-11.831586406340456,-2.400904548707062,11.050882766014949,213.897163643348,237.21278779672878,1.7561474934019596,49.7268866051151,1.9494724868381337,12.26430651713548,0.4578519306876362,13.721802794175549,0.6409709640944802,1.0,0.940786987330403,2.674586877324062,2.357102416193145,2.494676747204942,2.6745655254385463,2129.4821555472313,0.5323705388868077,0.009999999999999998,0.0,3.1885800912633666,10.74320676051532,0.26995513672359844,1.3171499771305542,0.8866954006638343,237.92894660663657,0.0,stable,0.95,0.99,discounted,matched_iid,linear,linear_clipped,0.12113833179262297,-0.005536785352415353,0.14004119157041658,0.09137323507864797,linear_reduced_moment,100,-2.400904548707062,208.13282099134577,213.897163643348,0,0.0
gamma_paper,0.95,1.35,4000,0.05,0.1,misspecified_affine,0,linear_neural_weighted_clipped_fqe,11.003544814661463,0.12791505007758613,333.1012895570439,14.526322259087499,-5.553869138432484,-11.831586406340456,6.277717267907973,6.277717267907973,40.632657331134496,70.2227481984957,1.3646843360518413,103.87592701729417,5.4114515173452915,10.986748892778785,0.14801340807145397,79.10196026472154,0.7368810008621968,1.0,0.9246663502517398,2.6165775979222943,2.306629978384958,2.44298082272869,2.616563112613039,2156.816514670309,0.5392041286675772,0.010000000000000002,0.0,1.8618722603321074,11.690412187226402,0.1907002883958842,1.409104410914593,0.9199887470801388,288.5872264890739,0.0,stable,0.95,0.99,discounted,matched_iid,linear,neural_clipped,0.19590314265895686,-0.2886958630729943,0.043211108374554316,0.05997782809859994,neural_positive_rkhs_moment,20,6.277717267907973,1.2229232353445438,40.632657331134496,0,0.0
gamma_paper,0.95,1.35,4000,0.05,0.1,misspecified_affine,0,linear_oracle_clipped_fqe,61.82100439455766,0.20884757845102522,109.27805483030949,4.022481033037011,-10.795322711555032,-11.831586406340456,1.0362636947854231,2.9312938056886595,13.584809636448927,18.052165872736474,0.2574296328899411,85.13183599896462,2.2118164998524175,61.62564509878254,0.2240323024069236,11.235978028296174,0.363842728912858,1.0,1.2247448705010553,7.499280342919594,2.2875003231826456,3.8899046530940864,7.498364093931566,1600.0000013960664,0.4000000003490165,0.009999999999999998,0.559919330503326,11.556765687553334,14.272392878665315,0.6473518734835428,0.9311431283629189,0.6880694264417052,357.7559680002227,0.0,stable,0.95,0.99,discounted,matched_iid,linear,oracle_clipped,0.0,0.0,0.32856382203443374,0.2637673634909961,oracle_exact_clipped,100,1.0362636947854231,12.510967191318592,13.584809636448927,0,0.0
gamma_paper,0.95,1.35,4000,0.05,0.1,misspecified_affine,0,linear_oracle_raw_fqe,1.9453622633045466,0.253458384494891,389.1612231685176,16.121898243571447,-0.5494540071786878,-11.831586406340456,11.28213239916177,11.28213239916177,127.66757006911557,162.19136169859075,2.1902750407894302,132.56777889162592,6.339400222625483,1.9246073797388885,0.28960873049589186,77.67465213972618,0.7988081616748357,1.0,6.029831240146926,269.9179468482242,3.1763119236617223,6.135037495052719,12.782518692775517,171.67719902957973,0.042919299757394926,0.0,0.0,nan,0.0,1.0,0.0,0.0,216.57104517195592,1.0,overlap_collapse,0.95,0.99,discounted,matched_iid,linear,oracle_raw,0.0,0.0,0.03020631928014036,0.040456985197620685,oracle_exact,100,11.28213239916177,0.3810585968998649,127.66757006911557,100,1.0
gamma_paper,0.95,1.35,4000,0.05,0.1,misspecified_affine,0,linear_standard_fqe,283.6191419512742,0.809076205864271,255.43324561623731,3.7145499661557317,-12.690092194358703,-11.831586406340456,-0.8585057880182471,4.023011608202973,28.527923143221475,43.37346826482998,0.5054979757242924,245.238477745719,2.2534916787169004,283.4037033821154,0.9165266149661072,10.988878294562037,1.2209420851165023,1.0,0.0,1.0,1.0,1.0,1.0,4000.0,1.0,0.0,0.0,nan,14.780132324549301,nan,1.6478696422273114,0.9570807002426049,681.6789164740441,0.0,stable,0.95,0.99,discounted,matched_iid,linear,standard,nan,0.0,0.5987647666958444,0.48038115843504053,uniform,100,-0.8585057880182471,27.790890955160652,28.527923143221475,0,0.0
gamma_paper,0.95,1.35,4000,0.05,0.1,misspecified_affine,0,neural_estimated_clipped_fqe,1.458323412136629,0.1806518113837273,90.48816397806488,4.849614969649148,-3.19501608422294,-11.831586406340456,8.636570322117517,8.930175139766508,84.30866921525788,109.37716215338105,1.5507678246838874,54.05927757327587,3.0403670880609677,1.4353578140516572,0.20858408507551918,13.633132978464147,0.6060363257575223,1.0,0.9250162832197667,2.6213091314181045,2.3234509316737237,2.454850793376404,2.62128959081699,2164.785531640395,0.5411963829100989,0.010000000000000002,0.0,3.1208946308969057,10.809437281242058,0.2585418955594988,1.3247676731953177,0.893240112972179,242.97181158690873,0.0,stable,0.95,0.99,discounted,matched_iid,neural,linear_clipped,0.14223675343007167,-0.004970573286809427,0.14699918889294666,0.09414834312005012,linear_reduced_moment,20,8.636570322117517,9.718322286376807,84.30866921525788,0,0.0
gamma_paper,0.95,1.35,4000,0.05,0.1,misspecified_affine,0,neural_neural_weighted_clipped_fqe,0.7064183142415873,0.08875698809379623,266.5144451179582,11.859238523704052,-7.538659800829642,-11.831586406340456,4.292926605510814,4.3793492466823265,22.81959605330607,42.12876447667484,0.8649783677471083,57.78513641419837,3.45848110309188,0.6793560152497236,0.10090113675160177,88.04356610807376,0.6017528873300766,1.0,0.9246663502517398,2.6165775979222943,2.306629978384958,2.44298082272869,2.616563112613039,2156.816514670309,0.5392041286675772,0.010000000000000002,0.0,1.8618722603321074,11.690412187226402,0.1907002883958842,1.409104410914593,0.9199887470801388,288.5872264890739,0.0,stable,0.95,0.99,discounted,matched_iid,neural,neural_clipped,0.19590314265895686,-0.2886958630729943,0.043211108374554316,0.05997782809859994,neural_positive_rkhs_moment,20,4.292926605510814,4.390377213003472,22.81959605330607,0,0.0
gamma_paper,0.95,1.35,4000,0.05,0.1,misspecified_affine,0,neural_oracle_clipped_fqe,1.2956541266604646,0.15083563378951842,96.08778810269335,4.843543986616899,-4.333964040733556,-11.831586406340456,7.497622365606901,7.708406431179084,67.4871891599231,88.76499884912593,1.2837493171619792,35.331108034759936,2.1047686279442317,1.2752774320811648,0.17204062683944027,32.695232498000614,0.4730076360053498,1.0,1.2247448705891453,7.4579816770788225,2.294862700414139,3.8844436602643304,7.456679112711507,1600.0000012579699,0.40000000031449245,0.010000000000000002,0.5581347728637047,11.467981232678614,14.264194066890028,0.628305442644491,0.9266310201052258,0.6989461549554876,356.59193677296975,0.0,stable,0.95,0.99,discounted,matched_iid,neural,oracle_clipped,0.0,0.0,0.32331432654115166,0.2609292287915984,oracle_exact_clipped,20,7.497622365606901,11.272848022674285,67.4871891599231,0,0.0
gamma_paper,0.95,1.35,4000,0.05,0.1,misspecified_affine,0,neural_standard_fqe,1.1650567776598977,0.13200445611677553,93.8690043323966,4.696067223773619,-5.411751499448296,-11.831586406340456,6.419834906892163,6.915292643742757,58.097547083846415,77.21585069573386,1.1190533138210566,27.62047100593991,1.6411371558510361,1.151078382130534,0.1507380240396516,47.59046285560204,0.4286380866234448,1.0,0.0,1.0,1.0,1.0,1.0,4000.0,1.0,0.0,0.0,nan,14.774320436314316,nan,1.6452449575175614,0.9581815628452535,676.5765222222541,0.0,stable,0.95,0.99,discounted,matched_iid,neural,standard,nan,0.0,0.5913452822462378,0.4771013963598648,uniform,20,6.419834906892163,16.883266852095325,58.097547083846415,0,0.0
gamma_paper,0.95,0.0,4000,0.05,0.1,misspecified_affine,0,linear_estimated_clipped_fqe,0.0068032011087130724,7.924242043054865e-05,0.006790734392857318,7.896835535691609e-05,-0.37175334349699385,-11.831586406340456,11.459833062843462,11.459833062843462,131.32973123154778,166.4019384692436,2.2320288223404674,0.006419517661662072,7.170428519495744e-05,0.006402800551772081,7.13052449488683e-05,0.0005475402257358075,0.0005455345770296201,1.0,0.07107326019955605,1.1733205195768759,1.0896595523742176,1.1177347948413467,1.1733094774757715,3978.253024938713,0.9945632562346782,0.009999999999999998,0.0,1.1728903892595846,0.07212929752264327,nan,0.05531248632120737,0.0054787209810094,202.38940416109818,0.0,stable,0.95,1.0,stationary,matched_iid,linear,linear_clipped,0.0014680191753181568,-5.113975061260656e-05,0.0038600161058322375,0.0019469586416251813,linear_reduced_moment,100,11.459833062843462,0.0019574033075707756,131.32973123154778,0,0.0
gamma_paper,0.95,0.0,4000,0.05,0.1,misspecified_affine,0,linear_neural_weighted_clipped_fqe,0.005001361663611457,7.002232350605892e-05,0.004995922741360905,6.930751492133054e-05,-0.40377067322631477,-11.831586406340456,11.42781573311414,11.42781573311414,130.59881012988615,164.68973415377985,2.200288295264991,0.004659806643046589,6.465057688264923e-05,0.00461351281436017,6.274874389431431e-05,0.0005397784544320374,0.0005366454622708003,1.0,0.06699399656742275,1.2239056916610473,1.0923868861672366,1.1335938824834098,1.223889494375653,3979.416954939792,0.994854238734948,0.010000000000000002,0.0,1.2249670032262796,0.06497975375669321,nan,0.051997669455104,0.00518885275456593,200.18325019702692,0.0,stable,0.95,1.0,stationary,matched_iid,linear,neural_clipped,0.02849206957385868,0.0013947229713201503,0.007114866966979988,0.002833799001890438,neural_positive_rkhs_moment,20,11.42781573311414,0.003837699875004459,130.59881012988615,0,0.0
gamma_paper,0.95,0.0,4000,0.05,0.1,misspecified_affine,0,linear_oracle_clipped_fqe,0.006558721666683584,7.805481058725577e-05,0.0065463923666107615,7.780424817152762e-05,-0.37386489954480306,-11.831586406340456,11.457721506795655,11.457721506795655,131.2814560806148,166.35364377874365,2.231692830231665,0.006175435677598684,7.063174899474094e-05,0.006158459545881508,7.020554122548836e-05,0.0005473092721120017,0.0005452196315568636,1.0,0.0,1.0,1.0,1.0,1.0,4000.0,1.0,0.0,0.0,1.0,0.0,1.0,0.0,0.0,202.1785517424462,0.0,stable,0.95,1.0,stationary,matched_iid,linear,oracle_clipped,0.0,0.0,0.003673942180602714,0.001702015006504784,oracle_exact_clipped,100,11.457721506795655,0.002073953327084646,131.2814560806148,0,0.0
gamma_paper,0.95,0.0,4000,0.05,0.1,misspecified_affine,0,linear_oracle_raw_fqe,0.006558721666683584,7.805481058725577e-05,0.0065463923666107615,7.780424817152762e-05,-0.37386489954480306,-11.831586406340456,11.457721506795655,11.457721506795655,131.2814560806148,166.35364377874365,2.231692830231665,0.006175435677598684,7.063174899474094e-05,0.006158459545881508,7.020554122548836e-05,0.0005473092721120017,0.0005452196315568636,1.0,0.0,1.0,1.0,1.0,1.0,4000.0,1.0,0.0,0.0,nan,0.0,1.0,0.0,0.0,202.1785517424462,0.0,stable,0.95,1.0,stationary,matched_iid,linear,oracle_raw,0.0,0.0,0.003673942180602714,0.001702015006504784,oracle_exact,100,11.457721506795655,0.002073953327084646,131.2814560806148,0,0.0
gamma_paper,0.95,0.0,4000,0.05,0.1,misspecified_affine,0,linear_standard_fqe,0.006558721666683584,7.805481058725577e-05,0.0065463923666107615,7.780424817152762e-05,-0.37386489954480306,-11.831586406340456,11.457721506795655,11.457721506795655,131.2814560806148,166.35364377874365,2.231692830231665,0.006175435677598684,7.063174899474094e-05,0.006158459545881508,7.020554122548836e-05,0.0005473092721120017,0.0005452196315568636,1.0,0.0,1.0,1.0,1.0,1.0,4000.0,1.0,0.0,0.0,nan,0.0,1.0,0.0,0.0,202.1785517424462,0.0,stable,0.95,1.0,stationary,matched_iid,linear,standard,nan,0.0,0.003673942180602714,0.001702015006504784,uniform,100,11.457721506795655,0.002073953327084646,131.2814560806148,0,0.0
gamma_paper,0.95,0.0,4000,0.05,0.1,misspecified_affine,0,neural_estimated_clipped_fqe,0.14530337747405558,0.00018247273987034165,0.14533636425342428,0.00018280126628765082,-2.005068737600542,-11.831586406340456,9.826517668739918,9.826517668739918,97.00757736989559,124.98612931274108,1.7658019099894091,0.14516759985537236,0.0001508894243180141,0.14515871932438215,0.0001509481278319252,0.0005670088871335903,0.0005667321689415247,1.0,0.0763134272498212,1.1698200337559084,1.0962281750946785,1.1223931290730247,1.169812631894351,3975.151680249569,0.9937879200623921,0.010000000000000002,0.0,1.169463807959096,0.07777510227132549,nan,0.06043566748022224,0.006266683052723464,202.41863813307108,0.0,stable,0.95,1.0,stationary,matched_iid,neural,linear_clipped,0.0011817553304056152,-3.993225977557136e-05,0.004102023494227729,0.0018996303593645032,linear_reduced_moment,20,9.826517668739918,0.44712787583783076,97.00757736989559,0,0.0
gamma_paper,0.95,0.0,4000,0.05,0.1,misspecified_affine,0,neural_neural_weighted_clipped_fqe,0.14498925146635583,0.00018253625730622403,0.1450222620672068,0.00018287053318420102,-2.01469817095089,-11.831586406340456,9.816888235389568,9.816888235389568,96.84081405879478,124.7826778392886,1.7633070771858752,0.14485313958968685,0.00015098608377269186,0.1448439342162047,0.00015085003481570122,0.000567892659439463,0.0005679325363153122,1.0,0.06699399656742275,1.2239056916610473,1.0923868861672366,1.1335938824834098,1.223889494375653,3979.416954939792,0.994854238734948,0.010000000000000002,0.0,1.2249670032262796,0.06497975375669321,nan,0.051997669455104,0.00518885275456593,200.18325019702692,0.0,stable,0.95,1.0,stationary,matched_iid,neural,neural_clipped,0.02849206957385868,0.0013947229713201503,0.007114866966979988,0.002833799001890438,neural_positive_rkhs_moment,20,9.816888235389568,0.4695194326646638,96.84081405879478,0,0.0
gamma_paper,0.95,0.0,4000,0.05,0.1,misspecified_affine,0,neural_oracle_clipped_fqe,0.1453339121863699,0.0001825863257395233,0.14536788339567272,0.00018296953946652308,-2.008974395726871,-11.831586406340456,9.822612010613586,9.822612010613586,96.95054490000744,124.921199310561,1.7650917947718252,0.14520481401659138,0.0001516633524660614,0.14519651670532538,0.00015172013743379264,0.0005640978902736223,0.000563626157257557,1.0,0.0,1.0,1.0,1.0,1.0,4000.0,1.0,0.0,0.0,1.0,0.0,1.0,0.0,0.0,201.17152539671503,0.0,stable,0.95,1.0,stationary,matched_iid,neural,oracle_clipped,0.0,0.0,0.0040163085766922995,0.0016583144581201047,oracle_exact_clipped,20,9.822612010613586,0.46683818895716256,96.95054490000744,0,0.0
gamma_paper,0.95,0.0,4000,0.05,0.1,misspecified_affine,0,neural_standard_fqe,0.1453339121863699,0.0001825863257395233,0.14536788339567272,0.00018296953946652308,-2.008974395726871,-11.831586406340456,9.822612010613586,9.822612010613586,96.95054490000744,124.921199310561,1.7650917947718252,0.14520481401659138,0.0001516633524660614,0.14519651670532538,0.00015172013743379264,0.0005640978902736223,0.000563626157257557,1.0,0.0,1.0,1.0,1.0,1.0,4000.0,1.0,0.0,0.0,nan,0.0,1.0,0.0,0.0,201.17152539671503,0.0,stable,0.95,1.0,stationary,matched_iid,neural,standard,nan,0.0,0.0040163085766922995,0.0016583144581201047,uniform,20,9.822612010613586,0.46683818895716256,96.95054490000744,0,0.0
gamma_paper,0.95,1.1,4000,0.05,0.1,misspecified_affine,0,linear_estimated_clipped_fqe,0.04790210705312548,0.00016211202034175566,0.05089174709583362,0.0013523504817009133,-0.6003707309504354,-11.831586406340456,11.231215675390022,11.231215675390022,126.40789344465873,161.67244425919384,2.2063745994256188,0.038383153540865,0.000541534254358771,0.047500000319810755,0.0001574581038794789,0.01047729128913139,0.00070949459573144,1.0,0.7506828977076381,2.597542255272283,1.910508260113688,2.1077598439143843,2.597465343216919,2559.481855734956,0.639870463933739,0.009999999999999998,0.0,2.856262113778661,5.3664831702841544,0.48740631671609436,0.6102427072039095,0.6243665136527689,255.68971382036042,0.0,stable,0.95,1.0,stationary,matched_iid,linear,linear_clipped,0.026111686907633293,-0.009999205940143223,0.01761529844129786,0.005124985789074273,linear_reduced_moment,100,11.231215675390022,0.2676878975321724,126.40789344465873,0,0.0
gamma_paper,0.95,1.1,4000,0.05,0.1,misspecified_affine,0,linear_neural_weighted_clipped_fqe,0.045837151507716535,0.00013276228897191354,0.049967462696820224,0.001321152555215187,-0.6846541082718515,-11.831586406340456,11.146932298068608,11.146932298068608,124.28711230431176,158.36668812007372,2.159361006095444,0.037450839858052906,0.000549987594543835,0.04540936042148656,0.00012313995735312858,0.010275333875704425,0.000652732589886288,1.0,0.9239184312997516,4.104620923662473,2.1849552548791107,2.7347390893487593,4.104434524602515,2161.351532726613,0.5403378831816534,0.010000000000000002,0.0,3.9985756722688626,3.909086794694635,0.41355973057066536,0.6711701953605802,0.6673731161078371,293.4196822727393,0.0,stable,0.95,1.0,stationary,matched_iid,linear,neural_clipped,0.06528774254086302,-0.01712574955755871,0.026280753085933008,0.006699877665067156,neural_positive_rkhs_moment,20,11.146932298068608,0.03301264658669818,124.28711230431176,0,0.0
gamma_paper,0.95,1.1,4000,0.05,0.1,misspecified_affine,0,linear_oracle_clipped_fqe,0.001680264021218838,3.88165839816854e-05,0.05483649786852448,0.0020298378403839946,-0.43255183295396343,-11.831586406340456,11.399034573386494,11.399034573386494,129.94572141940543,165.03277846501638,2.2237004134303824,0.02221195405358921,0.0009429991436842377,0.0012807829988985505,3.340116982298066e-05,0.01120033069881731,0.0005345074764617004,1.0,1.224744870972482,6.69102787256184,2.4356411867799403,3.2011802597369554,6.690232917022579,1600.0000006570233,0.40000000016425574,0.009999999999999998,0.10169144018786028,6.776175009008515,4.986453259996991,0.7611417282159401,0.1587891873669094,0.3563094117378273,186.76418233995963,0.0,stable,0.95,1.0,stationary,matched_iid,linear,oracle_clipped,0.0,0.0,0.005377395943658669,0.0023930040727544316,oracle_exact_clipped,100,11.399034573386494,0.007732214144809926,129.94572141940543,0,0.0
gamma_paper,0.95,1.1,4000,0.05,0.1,misspecified_affine,0,linear_oracle_raw_fqe,0.007867925292113026,8.498727768798639e-05,0.07698984005802428,0.002301443767227156,-0.32988483545562064,-11.831586406340456,11.501701570884839,11.501701570884839,132.3323937443702,167.52341782486465,2.242265315944111,0.03791951998254986,0.0011445274986262748,0.007467579202804696,7.777301375970743e-05,0.011571567208338372,0.0005588908266054096,1.0,2.3291572548170896,83.20325481277132,2.4109636140484554,3.2024078517365755,6.8157997180425465,771.0284665889245,0.1927571166472311,0.0,0.0,nan,0.0,1.0,0.0,0.0,205.08177667723572,0.2,overlap_collapse,0.95,1.0,stationary,matched_iid,linear,oracle_raw,0.0,0.0,0.007158990774200212,0.0047352627476773355,oracle_exact,100,11.501701570884839,0.04325471867547462,132.3323937443702,20,0.2
gamma_paper,0.95,1.1,4000,0.05,0.1,misspecified_affine,0,linear_standard_fqe,0.5938800392985322,0.0005603335175417762,0.46697884654912586,0.0019705402520873213,-1.2188545593064974,-11.831586406340456,10.612731847033961,10.612731847033961,112.67401015155629,147.74025409040698,2.1095044636224807,0.507413706850401,0.001762193310541985,0.5935423341682691,0.0005224663377714643,0.008741452786814851,0.002022599511671788,1.0,0.0,1.0,1.0,1.0,1.0,4000.0,1.0,0.0,0.0,nan,6.201517064834397,nan,1.0570421363675648,0.8072428833527691,259.41768284385324,0.0,stable,0.95,1.0,stationary,matched_iid,linear,standard,nan,0.0,0.06756312461585048,0.0021838603195836904,uniform,100,10.612731847033961,0.04393289450742511,112.67401015155629,0,0.0
gamma_paper,0.95,1.1,4000,0.05,0.1,misspecified_affine,0,neural_estimated_clipped_fqe,0.14191038716919085,0.00018198799696167282,0.16807585039543377,0.0007251464297522197,-3.647523028872513,-11.831586406340456,8.184063377467943,8.184063377467943,68.94870830457623,92.51497568561697,1.422143183505008,0.14467737377844306,0.0003389951499207072,0.14181842484816706,0.0001654246706400215,0.004589365526271602,0.0005759001032637364,1.0,0.7437211573228323,2.603309871576072,1.8951662194912688,2.1023619641602957,2.6032510858645534,2576.332098383455,0.6440830245958638,0.010000000000000002,0.0,2.859955667401234,5.274706889636162,0.490290252605938,0.6189048348066422,0.6211560876662252,256.7685291477973,0.0,stable,0.95,1.0,stationary,matched_iid,neural,linear_clipped,0.026394172498086493,-0.009663528245310282,0.018739600899805794,0.005122994388057521,linear_reduced_moment,20,8.184063377467943,1.9698149381642025,68.94870830457623,0,0.0
gamma_paper,0.95,1.1,4000,0.05,0.1,misspecified_affine,0,neural_neural_weighted_clipped_fqe,0.1407451764462271,0.000185161529164672,0.18019249586010372,0.0010365260454991824,-2.91066814592356,-11.831586406340456,8.920918260416897,8.920918260416897,80.85863433729594,106.24507532206103,1.5682811178639162,0.14627497484343607,0.00039392648898190044,0.14064244586847974,0.0001665036828636607,0.007192348697019395,0.0005651892780375705,1.0,0.9239184312997516,4.104620923662473,2.1849552548791107,2.7347390893487593,4.104434524602515,2161.351532726613,0.5403378831816534,0.010000000000000002,0.0,3.9985756722688626,3.909086794694635,0.41355973057066536,0.6711701953605802,0.6673731161078371,293.4196822727393,0.0,stable,0.95,1.0,stationary,matched_iid,neural,neural_clipped,0.06528774254086302,-0.01712574955755871,0.026280753085933008,0.006699877665067156,neural_positive_rkhs_moment,20,8.920918260416897,1.2758517282562924,80.85863433729594,0,0.0
gamma_paper,0.95,1.1,4000,0.05,0.1,misspecified_affine,0,neural_oracle_clipped_fqe,0.14504987237163758,0.00019197777937414874,0.17875038460547102,0.0009067695238947144,-2.801493495244293,-11.831586406340456,9.030092911096165,9.030092911096165,82.4753052103601,107.93668633403597,1.5819390595652927,0.15137074853848143,0.00041475853541364125,0.14495536503748718,0.00017919298925319369,0.0052567138288058726,0.0005612207663887472,1.0,1.2247448710107764,6.700249200765771,2.4330170098718815,3.196776118867484,6.699406455526436,1600.00000059699,0.40000000014924747,0.010000000000000002,0.1039994996157475,6.822803057063235,4.981040462596107,0.7728403326265001,0.15714381601629163,0.3433112133884757,185.06982342251075,0.0,stable,0.95,1.0,stationary,matched_iid,neural,oracle_clipped,0.0,0.0,0.005273383197779852,0.0023323572445056342,oracle_exact_clipped,20,9.030092911096165,0.9327272273308918,82.4753052103601,0,0.0
gamma_paper,0.95,1.1,4000,0.05,0.1,misspecified_affine,0,neural_standard_fqe,0.13907829451474596,0.00018430986786761337,0.16544713464863597,0.0007112378355211097,-3.723591213974906,-11.831586406340456,8.107995192365554,8.107995192365554,67.67743658860346,91.0453888171997,1.407423912161682,0.14142092796569225,0.00033001562247692815,0.13896404924140976,0.00016906354415021694,0.004749634678903755,0.0006002860550497036,1.0,0.0,1.0,1.0,1.0,1.0,4000.0,1.0,0.0,0.0,nan,6.184728825630648,nan,1.057524632216954,0.8041834758128916,257.57555091474677,0.0,stable,0.95,1.0,stationary,matched_iid,neural,standard,nan,0.0,0.06585592782610504,0.0023219983314969185,uniform,20,8.107995192365554,1.9378505491805693,67.67743658860346,0,0.0
gamma_paper,0.95,1.35,4000,0.05,0.1,misspecified_affine,0,linear_estimated_clipped_fqe,1.7086215828987792,0.002068393645018699,1.2472182104346208,0.01830781685352463,-1.850400123302588,-11.831586406340456,9.981186283037868,9.981186283037868,102.20362160213703,137.281780225802,2.031284204977775,1.2294230880884993,0.008450413725091725,1.7078149781498921,0.0022089139446321193,0.16084126248075936,0.005485471018809513,1.0,0.8925739514059514,2.8839528630296236,2.209648923239068,2.420205472998665,2.8838860271689435,2228.958344550933,0.5572395861377334,0.009999999999999998,0.0,3.3504676837172864,7.139589385575228,0.3752557014150016,1.0072183857263408,0.7972581658198911,285.70781388374644,0.0,stable,0.95,1.0,stationary,matched_iid,linear,linear_clipped,0.0458473987527526,-0.011884155075555704,0.046275300435268917,0.009148520712984293,linear_reduced_moment,100,9.981186283037868,2.579541985433676,102.20362160213703,0,0.0
gamma_paper,0.95,1.35,4000,0.05,0.1,misspecified_affine,0,linear_neural_weighted_clipped_fqe,0.6502053208597397,0.000678668296461345,0.7103103543348306,0.021990793772384245,-1.2228021304731642,-11.831586406340456,10.608784275867292,10.608784275867292,112.62804906892742,146.97430875116532,2.090761243886237,0.47695706416367994,0.007461369005098514,0.6497177931806222,0.0006420405784518434,0.16732516230224453,0.002425968585742307,1.0,0.9398295740983844,3.5320100605105735,2.3305149855356424,2.723882121912246,3.531937472183241,2134.366449374455,0.5335916123436139,0.010000000000000002,0.0,2.829546374917029,9.82965428204013,0.2236184124078457,1.1247672983463173,0.8724206716614165,336.5447770817896,0.0,stable,0.95,1.0,stationary,matched_iid,linear,neural_clipped,0.16269072783616761,-0.19492590141144722,0.04976753445788783,0.02851623381824006,neural_positive_rkhs_moment,20,10.608784275867292,0.08174525703829301,112.62804906892742,0,0.0
gamma_paper,0.95,1.35,4000,0.05,0.1,misspecified_affine,0,linear_oracle_clipped_fqe,2.435162511784321,0.001328634787640114,1.673148937033001,0.016327085629483783,-2.024019412922944,-11.831586406340456,9.807566993417515,9.807566993417515,96.45583562151594,131.4988077374086,1.9937415110992152,1.7826564577203814,0.009871836555666265,2.434929118571315,0.001305243127834249,0.1502801919045658,0.006662882091833731,1.0,1.22474487079245,7.216028708979528,2.7697331386703063,3.4400719503185813,7.215111942903369,1600.0000009392543,0.40000000023481364,0.009999999999999998,0.4203694694275037,10.03967265468863,11.311157495007343,0.6990655771957117,0.6226844529428806,0.5661649812435858,225.6302034124057,0.0,stable,0.95,1.0,stationary,matched_iid,linear,oracle_clipped,0.0,0.0,0.05356917491465708,0.0027190908715773996,oracle_exact_clipped,100,9.807566993417515,0.26746529114330964,96.45583562151594,0,0.0
gamma_paper,0.95,1.35,4000,0.05,0.1,misspecified_affine,0,linear_oracle_raw_fqe,0.010838673083780705,9.762491470857616e-05,0.9945271428230649,0.03391310066217741,-0.3684819498866534,-11.831586406340456,11.463104456453802,11.463104456453802,131.4855507473862,166.52955832970503,2.231602633307123,0.3785217513522314,0.014329380143511563,0.010435338016301521,9.032743232771473e-05,0.18311060536870433,0.0005788378935619083,1.0,4.131799249720167,167.78717902582892,3.519159752028831,4.523705063146976,10.204009736848578,317.7192608157559,0.07942981520393898,0.0,0.0,nan,0.0,1.0,0.0,0.0,211.06005027370938,0.99,overlap_collapse,0.95,1.0,stationary,matched_iid,linear,oracle_raw,0.0,0.0,0.007709432650700356,0.008039529766841684,oracle_exact,100,11.463104456453802,0.08278696781513732,131.4855507473862,99,0.99
gamma_paper,0.95,1.35,4000,0.05,0.1,misspecified_affine,0,linear_standard_fqe,14.917912179164718,0.004040147953214765,11.723939584688207,0.04237669324769508,-4.32155498128077,-11.831586406340456,7.510031425059688,7.510031425059688,57.17332556005943,92.24886181034202,1.6729919192441967,12.845145086557217,0.035670188952385926,14.917543682057676,0.004174520129583078,0.12713731788199878,0.037975462363720985,1.0,0.0,1.0,1.0,1.0,1.0,4000.0,1.0,0.0,0.0,nan,11.973957562249064,nan,1.449423140444,0.9205701847960611,284.84417634081655,0.0,stable,0.95,1.0,stationary,matched_iid,linear,standard,nan,0.0,0.1345825778256911,0.003447905577988068,uniform,100,7.510031425059688,0.7727535546753751,57.17332556005943,0,0.0
gamma_paper,0.95,1.35,4000,0.05,0.1,misspecified_affine,0,neural_estimated_clipped_fqe,0.13297746313218853,0.00023516013346175634,0.3203356383947789,0.006691568206353466,-6.348959360056652,-11.831586406340456,5.482627046283806,5.567492642262973,38.49190629043682,56.28253383398887,0.9773419027705945,0.17189699014344434,0.0026695959856584787,0.13261145299932814,0.00022016992778216377,0.06937035363507679,0.0009801439080648234,1.0,0.8905570943958349,2.9442289222324187,2.203515920557926,2.4332706522516006,2.9441566235079213,2232.658911391342,0.5581647278478354,0.010000000000000002,0.0,3.414233914151641,7.193544485280176,0.3757888244946781,1.016923991610082,0.7929278685456017,285.0999003448022,0.0,stable,0.95,1.0,stationary,matched_iid,neural,linear_clipped,0.0464222126289064,-0.012534970821430574,0.04583413967685069,0.009351077421282097,linear_reduced_moment,20,5.482627046283806,8.43270696179414,38.49190629043682,0,0.0
gamma_paper,0.95,1.35,4000,0.05,0.1,misspecified_affine,0,neural_neural_weighted_clipped_fqe,0.12198519284109181,0.0001893986525658146,0.34881009450607287,0.008426519019610461,-5.773838527296791,-11.831586406340456,6.057747879043666,6.057747879043666,41.425599075381065,60.15988556772618,1.0452004631632656,0.1530160249148472,0.0026882161720489057,0.12164943049423686,0.00016577231864099788,0.07901090283875886,0.0008817321469042885,1.0,0.9398295740983844,3.5320100605105735,2.3305149855356424,2.723882121912246,3.531937472183241,2134.366449374455,0.5335916123436139,0.010000000000000002,0.0,2.829546374917029,9.82965428204013,0.2236184124078457,1.1247672983463173,0.8724206716614165,336.5447770817896,0.0,stable,0.95,1.0,stationary,matched_iid,neural,neural_clipped,0.16269072783616761,-0.19492590141144722,0.04976753445788783,0.02851623381824006,neural_positive_rkhs_moment,20,6.057747879043666,4.7292897093230355,41.425599075381065,0,0.0
gamma_paper,0.95,1.35,4000,0.05,0.1,misspecified_affine,0,neural_oracle_clipped_fqe,0.1360791344135221,0.00020236101252188058,0.3645699805681328,0.00738565890848687,-6.405011099736976,-11.831586406340456,5.426575306603483,5.426575306603483,34.265348604543604,51.652016449341446,0.9426006843672484,0.15841177778785911,0.0021059649273850066,0.13577806074242676,0.00017607135136894439,0.09563518960518168,0.0007529401940436876,1.0,1.2247448708802509,7.409202836431794,2.743194827846746,3.3923203754125737,7.408309938189392,1600.0000008016118,0.4000000002004029,0.010000000000000002,0.42518078827764844,10.515494135962548,11.316461472083057,0.7188926926879131,0.627808388280146,0.5464758260299751,222.6597153912102,0.0,stable,0.95,1.0,stationary,matched_iid,neural,oracle_clipped,0.0,0.0,0.052567390050437965,0.0029363807108438614,oracle_exact_clipped,20,5.426575306603483,4.817629046304928,34.265348604543604,0,0.0
gamma_paper,0.95,1.35,4000,0.05,0.1,misspecified_affine,0,neural_standard_fqe,0.11435746766036445,0.00023326352445468096,0.2738167637670827,0.005466789857729979,-8.167908893890424,-11.831586406340456,3.663677512450034,4.433645386663952,24.04834951452998,39.22564443768055,0.7513252173241115,0.1245382972511944,0.0019582127625570834,0.11371525648008049,0.0002184786631492306,0.12112491595744104,0.0013899624740266983,1.0,0.0,1.0,1.0,1.0,1.0,4000.0,1.0,0.0,0.0,nan,11.971011211900658,nan,1.4488597305960498,0.9179690589531768,282.87205307246455,0.0,stable,0.95,1.0,stationary,matched_iid,neural,standard,nan,0.0,0.12946737850244966,0.003980328745280959,uniform,20,3.663677512450034,10.625816599297913,24.04834951452998,0,0.0
